id,name,company,type,address,city,postal,state,lat,lon,profile_url
968,600 West 7th Street (LAX10),Digital Realty,Colocation,600 West 7th Street,Los Angeles,90017,California,34.047322,-118.2574494,https://www.datacentermap.com/usa/california/los-angeles/600-west-7th-street/
768,2260 E El Segundo Blvd (LAX12),Digital Realty,Colocation,2260 East El Segundo Boulevard,El Segundo,90245,California,33.9156347,-118.3846072,https://www.datacentermap.com/usa/california/los-angeles/2260-e-el-segundo/
8859,Centersquare - Los Angeles LAX5-A,Centersquare,Colocation,2681 Kelvin Ave,Irvine,92614,California,33.6846747,-117.8368209,https://www.datacentermap.com/usa/california/los-angeles/evoque-lax2/
6386,Hivelocity - Los Angeles 2,Hivelocity,Colocation,600 W. 7th St,Los Angeles,90017,California,34.047322,-118.2574494,https://www.datacentermap.com/usa/california/los-angeles/la2/
5420,Hivelocity - Los Angeles 1,Hivelocity,Colocation,624 S Grand Ave,Los Angeles,90017,California,34.047966,-118.25557,https://www.datacentermap.com/usa/california/los-angeles/rackalley-la1/
2046,Colocation America LADC3,Colocation America,Colocation,600 W. 7th St,Los Angeles,90017,California,34.047308,-118.257093,https://www.datacentermap.com/usa/california/los-angeles/colocation-america-600w-7th/
929,West 7 Center,Rising Realty Partners,Building,1200 West 7th Street,Los Angeles,90017,California,34.051484,-118.265757,https://www.datacentermap.com/usa/california/los-angeles/the-garland-building/
1048,Equinix LA2,Equinix,Colocation,818 W 7th Street,Los Angeles,90017,California,34.0488973,-118.2595846,https://www.datacentermap.com/usa/california/los-angeles/equinix-los-angeles2/
9598,Prime Los Angeles,Prime Data Centers,Colocation,4701 S Santa Fe Ave,Vernon,90058,California,34.0011773,-118.2309309,https://www.datacentermap.com/usa/california/los-angeles/prime-los-angeles/
3948,One Wilshire,GI Property Management,Building,624 South Grand Avenue,Los Angeles,90017,California,34.047966,-118.25557,https://www.datacentermap.com/usa/california/los-angeles/one-wilshire-building/
2060,Colocation America LADC4,Colocation America,Colocation,530 W. 6th St,Los Angeles,90017,California,34.048282,-118.254504,https://www.datacentermap.com/usa/california/los-angeles/colocation-america-telecom-center/
1674,Cogent Data Center - Los Angeles,"Cogent Communications, Inc.",Colocation,530 W 6th St,Los Angeles,90017,California,34.048282,-118.254504,https://www.datacentermap.com/usa/california/los-angeles/cogent-los-angeles/
713,Converge Technology Solutions Data Center,Converge Technology Solutions,Colocation,30077 Agoura Ct,Agoura Hills,91301,California,34.145228,-118.776969,https://www.datacentermap.com/usa/california/los-angeles/is-west-agoura-ct/
3730,Cogent Data Center - Pasadena,"Cogent Communications, Inc.",Colocation,2947  Bradley Street,Pasadena,91107,California,34.167484,-118.088075,https://www.datacentermap.com/usa/california/los-angeles/cogent-pasadena/
2090,Colocation America LADC5,Colocation America,Colocation,650 S. Grand Ave,Los Angeles,90017,California,34.048721,-118.255266,https://www.datacentermap.com/usa/california/los-angeles/colocation-america-quinby/
2045,Colocation America LADC2,Colocation America,Colocation,707 Wilshire Blvd,Los Angeles,90017,California,34.049227,-118.256979,https://www.datacentermap.com/usa/california/los-angeles/colocation-america-aon-center/
1619,Alchemy Downtown Data Center,"Dynascale, Inc.",Colocation,1200 West 7th Street,Los Angeles,90017,California,34.051077,-118.2658418,https://www.datacentermap.com/usa/california/los-angeles/downtown-data-center/
9169,DataBank LAX1 - Los Angeles One Wilshire,DataBank,Colocation,624 South Grand Avenue,Los Angeles,90017,California,34.0479,-118.25552,https://www.datacentermap.com/usa/california/los-angeles/databank-lax1/
9052,Equinix LA7,Equinix,Colocation,1501 Francisco Street,Torrance,90501,California,33.85071,-118.30411,https://www.datacentermap.com/usa/california/los-angeles/equinix-la7/
9051,Equinix LA3,Equinix,Colocation,1920 E Maple Ave,El Segundo,90245,California,33.92608,-118.39412,https://www.datacentermap.com/usa/california/los-angeles/equinix-la3/
3582,Serverfarm LAX1,Serverfarm,Colocation,444 North Nash Street,El Segundo,90245,California,33.921778,-118.38632,https://www.datacentermap.com/usa/california/los-angeles/t5-el-segundo/
3762,Evocative LAX14,Evocative Data Centers,Colocation,3690 Redondo Beach Avenue,Redondo Beach,90278,California,33.889081,-118.368877,https://www.datacentermap.com/usa/california/los-angeles/internap-los-angeles/
11611,UnitedLayer Los Angeles,"UnitedLayer, Inc.",Colocation,624 S Grand Ave,Los Angeles,90017,California,34.0479477,-118.2553576,https://www.datacentermap.com/usa/california/los-angeles/unitedlayer-los-angeles/
1027,CoreSite One Wilshire (LA1),CoreSite,Colocation,624 South Grand Avenue,Los Angeles,90017,California,34.049464,-118.254579,https://www.datacentermap.com/usa/california/los-angeles/one-wilshire/
1035,CoreSite Los Angeles (LA2),CoreSite,Colocation,900 North Alameda,Los Angeles,90017,California,34.058656,-118.236954,https://www.datacentermap.com/usa/california/los-angeles/wilshire-annex/
1507,Equinix LA1,Equinix,Colocation,600 West 7th Street,Los Angeles,90017,California,34.051484,-118.265757,https://www.datacentermap.com/usa/california/los-angeles/switch-data-los-angeles/
4926,Xfernet Data Center,Xfernet,Colocation,3250 Wilshire Blvd,Koreatown,90010,California,34.0613935,-118.2931958,https://www.datacentermap.com/usa/california/los-angeles/xfernet-data-center/
5050,Psychz Los Angeles,Psychz Networks,Colocation,700 Wilshire Blvd,Los Angeles,90017,California,34.04867,-118.257536,https://www.datacentermap.com/usa/california/los-angeles/psla-data-center/
7091,Evocative LAX2,Evocative Data Centers,Colocation,600 W 7th Street,Los Angeles,90017,California,34.04725468212268,-118.257372379303,https://www.datacentermap.com/usa/california/los-angeles/la2-los-angles-evocative-dc/
7610,ColoCrossing LA1,ColoCrossing,Colocation,1200 W 7th Street,Los Angeles,90017,California,34.0511103,-118.2659241,https://www.datacentermap.com/usa/california/los-angeles/colocrossing-la1/
7794,Cogent Data Center - La Mirada,"Cogent Communications, Inc.",Colocation,16680 Valley View Avenue,La Mirada,90638,California,33.87975939558614,-118.0267133828582,https://www.datacentermap.com/usa/california/los-angeles/cogent-la-mirada/
1560,TELEHOUSE Los Angeles Center,Telehouse America,Colocation,626 Wilshire Boulevard,Los Angeles,90017,California,34.048138,-118.256277,https://www.datacentermap.com/usa/california/los-angeles/telehouse-los-angeles/
1602,Crown Castle Los Angeles LA1,CROWN CASTLE,Colocation,624 S Grand Ave,Los Angeles,90017,California,34.051484,-118.265757,https://www.datacentermap.com/usa/california/los-angeles/ix2-networks/
2553,QuadraNet Los Angeles,QuadraNet.com,Colocation,530 W. 6th St.,Los Angeles,90014,California,34.048282,-118.254504,https://www.datacentermap.com/usa/california/los-angeles/quadranet-los-angeles/
3661,Centersquare - Los Angeles LAX2,Centersquare,Colocation,3015 Winona Avenue,Burbank,91504,California,34.19985587540762,-118.3438038825989,https://www.datacentermap.com/usa/california/los-angeles/cyxtera-lax2a/
3298,One Data Center Ontario,One Data Center America,Colocation,350 S Milliken Ave,Ontario,91761,California,34.060043,-117.559722,https://www.datacentermap.com/usa/california/los-angeles/ontario-datacenter/
2774,Subrigo - 650 South Grand,Subrigo,Colocation,650 South Grand Avenue,Los Angeles,90017,California,34.048721,-118.255266,https://www.datacentermap.com/usa/california/los-angeles/downtown-colo-corporation/
10363,Cogent Data Center - Burbank,"Cogent Communications, Inc.",Colocation,100 S Flower St,Burbank,91502,California,34.1774244,-118.3114458,https://www.datacentermap.com/usa/california/los-angeles/cogent-data-center-burbank/
1675,Crown Castle Los Angeles LA2,CROWN CASTLE,Colocation,609 W 7th St,Los Angeles,90017,California,34.048282,-118.254504,https://www.datacentermap.com/usa/california/los-angeles/ix2-networks-530-w-6th/
2047,Aon Center,Shorenstein,Building,707 Wilshire Boulevard,Los Angeles,90017,California,34.049227,-118.256979,https://www.datacentermap.com/usa/california/los-angeles/aon-center-la/
13895,Goodman LAX01,Goodman,Colocation,3094 E Vernon Ave,Vernon,90058,California,34.0052025,-118.2180949,https://www.datacentermap.com/usa/california/los-angeles/goodman-lax01/
9985,Colocation America LADC1,Colocation America,Colocation,624 South Grand Avenue,Los Angeles,90017,California,34.0479477,-118.2553576,https://www.datacentermap.com/usa/california/los-angeles/colocation-america-ladc1/
7944,CoreSite Los Angeles (LA3),CoreSite,Colocation,260 Bauchet St.,Los Angeles,90012,California,34.0593156,-118.2354621,https://www.datacentermap.com/usa/california/los-angeles/coresite-los-angeles-la3/
4456,365 Data Centers - Los Angeles 1,365 Data Centers,Colocation,600 W 7th St.,Los Angeles,90017,California,34.047336,-118.257447,https://www.datacentermap.com/usa/california/los-angeles/inforelay-lax1/
742,Vernon Data Center,"Downtown Properties Holdings, LLC",Colocation,5001 S. Soto Street,Vernon,90058,California,33.9985878,-118.2217903,https://www.datacentermap.com/usa/california/los-angeles/vernon-data-center/
12395,Fireline Broadband Data Center,Fireline Broadband,Colocation,5900 Wilshire Blvd,Los Angeles,90036,California,34.0623463,-118.3586597,https://www.datacentermap.com/usa/california/los-angeles/fireline-broadband-data-center/
795,Alchemy LAX Data Center,"Dynascale, Inc.",Colocation,6171 West Century Blvd,Los Angeles,90045,California,33.945606,-118.393274,https://www.datacentermap.com/usa/california/los-angeles/lax-datacenter/
1829,Edge Centres EC101 Los Angeles,Edge Centres,Colocation,707 Wilshire Blvd.,Los Angeles,90017,California,34.0524433,-118.2535977,https://www.datacentermap.com/usa/california/los-angeles/multacom/
5032,Crown Castle Los Angeles LA3,CROWN CASTLE,Colocation,530 W 6th St,Los Angeles,90017,California,34.0484512,-118.2545799,https://www.datacentermap.com/usa/california/los-angeles/wilcon/
3136,DataBank - 707 Wilshire Blvd,DataBank,Colocation,707 Wilshire Blvd,Los Angeles,90017,California,34.049261,-118.257024,https://www.datacentermap.com/usa/california/los-angeles/zcolo-707-wilshireblvd/
5095,One Data Center America,One Data Center America,Colocation,3833 Ebony St,Ontario,91761,California,34.0668909,-117.5682629,https://www.datacentermap.com/usa/california/los-angeles/datacenter-america/
1128,Aptum Los Angeles,Aptum,Colocation,360 E 2nd Street,Los Angeles,90017,California,34.047304,-118.256599,https://www.datacentermap.com/usa/california/los-angeles/peer-1-los-angeles/
10218,Windstream Los Angeles,Windstream,Colocation,530 West 6th St,Los Angeles,90014,California,34.0483363,-118.2550835,https://www.datacentermap.com/usa/california/los-angeles/windstream-los-angeles/
743,818 West 7th Street,"Downtown Properties Holdings, LLC",Building,818 West 7th Street,Los Angeles,90017,California,34.049028,-118.259272,https://www.datacentermap.com/usa/california/los-angeles/818-west-7th-street/
4463,365 Data Centers - Los Angeles 3,365 Data Centers,Colocation,900 N. Alameda St,Los Angeles,90012,California,34.0580987,-118.2366037,https://www.datacentermap.com/usa/california/los-angeles/inforelay-lax3/
14230,1977 Saturn Data Center,HMC Capital,Colocation,1977 Saturn St,Monterey Park,91755,California,34.04039077076558,-118.1135984773865,https://www.datacentermap.com/usa/california/los-angeles/1977-saturn-data-center/
14375,Spectrum Networks El Segundo,Spectrum,Enterprise,2345 Alaska Ave,El Segundo,90245,California,33.90809317253934,-118.3816234350042,https://www.datacentermap.com/usa/california/los-angeles/spectrum-networks-el-segundo/
4462,365 Data Centers - Los Angeles 2,365 Data Centers,Colocation,624 South Grand Ave,Los Angeles,90017,California,34.047966,-118.25557,https://www.datacentermap.com/usa/california/los-angeles/inforelay-lax2/
1478,Lumen Los Angeles,Lumen,Colocation,818 W. 7th Street,Los Angeles,90017,California,34.049028,-118.259272,https://www.datacentermap.com/usa/california/los-angeles/level-3-los-angeles/
930,Quinby Building,Quinby Building,Building,650 South Grand Avenue,Los Angeles,90017,California,34.0473943,-118.2562446,https://www.datacentermap.com/usa/california/los-angeles/quinby-building/
7579,Long Beach Data Center,Long Beach Data Center,Colocation,3910 E 7th St,Long Beach,90804,California,33.77503987781369,-118.1464901086273,https://www.datacentermap.com/usa/california/los-angeles/long-beach-data-center/
7415,Hostrunway Los Angeles,Hostrunway,Colocation,900 N Alameda St #200,Los Angeles,90012,California,34.0581509,-118.2354169,https://www.datacentermap.com/usa/california/los-angeles/hostrunway-naud/
7807,611 Wilshire,Xyvest Holdings,Colocation,611 Wilshire Blvd,Los Angeles,90017,California,34.0482016993191,-118.256031850669,https://www.datacentermap.com/usa/california/los-angeles/611-wilshire/
6925,IHNetworks Datacenter (SFV1),"IHNetworks, LLC",Colocation,20339 Nordhoff Street,Chatsworth,91311,California,34.2325166,-118.5771849,https://www.datacentermap.com/usa/california/los-angeles/ihnetworks-datacenter/
939,Telecom Center LA,BGC Group,Building,530 West 6th Street,Los Angeles,90017,California,34.048282,-118.254504,https://www.datacentermap.com/usa/california/los-angeles/telecom-center-la/
5863,NocRoom Los Angeles Colocation,NocRoom Miami Colocation VPS,Colocation,530 W 6th Street Penthouse,Los Angeles,90014,California,34.0483496,-118.2551371,https://www.datacentermap.com/usa/california/los-angeles/nocroom-los-angeles-colocation/
6380,China Telecom One Wilshire,China Telecom Americas,Colocation,624 S Grand Ave,Los Angeles,90017,California,34.0479077,-118.2555364,https://www.datacentermap.com/usa/california/los-angeles/one-wilshire3/
1612,WebNX Los Angeles,WebNX Internet Services,Colocation,530 W 6th St,Los Angeles,90017,California,34.0481869,-118.2548902,https://www.datacentermap.com/usa/california/los-angeles/webnx-lax/
4563,Subrigo - 624 South Grand,Subrigo,Colocation,624 South Grand Avenue,Los Angeles,90017,California,34.047966,-118.25557,https://www.datacentermap.com/usa/california/los-angeles/downtown-colo-624/
5365,Lumen Los Angeles 4,Lumen,Colocation,600 Wilshire Blvd,Los Angeles,90017,California,34.0479891,-118.2565708,https://www.datacentermap.com/usa/california/los-angeles/level3-los-angeles4/
11744,China Mobile San Jose,China Mobile International,Colocation,6320-6340 San Ignacio Ave,San Jose,95119,California,37.2364522,-121.7815908,https://www.datacentermap.com/usa/california/san-jose/china-mobile-san-jose/
1001,2334 Lundy Place,Overton Moore Properties,Colocation,2334 Lundy Place,San Jose,95131,California,37.405884,-121.888912,https://www.datacentermap.com/usa/california/san-jose/2334-lundy-place/
990,150 South First St,Hines,Colocation,150 South First Street,San Jose,95113,California,37.333607,-121.888609,https://www.datacentermap.com/usa/california/san-jose/150-south-first-street/
9061,Equinix SV10,Equinix,Colocation,7 Great Oaks Boulevard,San Jose,95119,California,37.24094,-121.78463,https://www.datacentermap.com/usa/california/san-jose/equinix-sv10/
9952,Prime San Jose,Prime Data Centers,Colocation,6580 Via del Oro,San Jose,95119,California,37.2353347,-121.7823438,https://www.datacentermap.com/usa/california/san-jose/prime-san-jose/
1042,Equinix SV3,Equinix,Colocation,1735 Lundy Ave,San Jose,95131,California,37.38823470000001,-121.8884572,https://www.datacentermap.com/usa/california/san-jose/equinix-san-jose2/
1049,Equinix SV1,Equinix,Colocation,11 Great Oaks Boulevard,San Jose,95119,California,37.2415378,-121.783474,https://www.datacentermap.com/usa/california/san-jose/equinix-san-jose1/
9062,Equinix SV11,Equinix,Colocation,5 Great Oaks Boulevard,San Jose,95119,California,37.24305,-121.7841,https://www.datacentermap.com/usa/california/san-jose/equinix-sv11/
5060,Element Critical Silicon Valley,Element Critical,Colocation,1360 Kifer Rd,Sunnyvale,94086,California,37.3729016,-121.9878086,https://www.datacentermap.com/usa/california/san-jose/centralcolo/
9060,Equinix SV5,Equinix,Colocation,9 Great Oaks Boulevard,San Jose,95119,California,37.24215,-121.781855,https://www.datacentermap.com/usa/california/san-jose/equinix-sv5/
10297,Equinix SV12x,Equinix,Colocation,Great Oaks Blvd,San Jose,95119,California,37.24108575555468,-121.7820645129049,https://www.datacentermap.com/usa/california/san-jose/equinix-sv12x/
7089,Evocative OAK1,Evocative Data Centers,Colocation,1400 65th Stret,Emeryville,94608,California,37.8468998,-122.2935656,https://www.datacentermap.com/usa/california/san-jose/em1-emeryville-data-center/
13159,Microsoft Alviso-Milpitas Campus,Microsoft,Campus,1657 Alviso Milpitas Rd,San Jose,95134,California,37.4237726,-121.9262607,https://www.datacentermap.com/usa/california/san-jose/microsoft-alviso-milpitas-campus/
7615,ColoCrossing SJ1,ColoCrossing,Colocation,55 S. Market Street,San Jose,95113,California,37.3341593,-121.8916855,https://www.datacentermap.com/usa/california/san-jose/colocrossing-sj1/
940,STACK Infrastructure SVY01A,STACK INFRASTRUCTURE,Colocation,2001 Fortune Drive,San Jose,95131,California,37.4022869,-121.8923521,https://www.datacentermap.com/usa/california/san-jose/fortune/
1029,CoreSite San Jose (SV1),CoreSite,Colocation,55 South Market Street,San Jose,95113,California,37.334484,-121.891327,https://www.datacentermap.com/usa/california/san-jose/market-post-tower/
14120,NVIDIA San Jose Data Center,NVIDIA,Enterprise,300 Holger Way,San Jose,95134,California,37.4183817,-121.9467171,https://www.datacentermap.com/usa/california/san-jose/nvidia-san-jose-data-center/
1744,Rackspace San Jose,Rackspace Hosting,Colocation,150 South 1st St,San Jose,95113,California,37.333934,-121.888182,https://www.datacentermap.com/usa/california/san-jose/data-pipe-san-jose/
1878,QTS Santa Clara I & II,QTS Data Centers,Colocation,2805/2807 Mission College Blvd,Santa Clara,95054,California,37.392232,-121.9778256,https://www.datacentermap.com/usa/california/san-jose/quality-santa-clara-1/
7086,Evocative SJC7,Evocative Data Centers,Colocation,534 Stockton Ave,San Jose,95126,California,37.33839764047828,-121.9101762771606,https://www.datacentermap.com/usa/california/san-jose/sv7-san-jose-evocative-data-center/
9615,STACK Infrastructure SVY01B,STACK INFRASTRUCTURE,Colocation,2001 Fortune Drive,San Jose,95131,California,37.4025888,-121.8932578,https://www.datacentermap.com/usa/california/san-jose/stack-infrastructure-svy01b/
12770,Cogent Data Center - San Jose,"Cogent Communications, Inc.",Colocation,801 Newhall St,San Jose,95110,California,37.3476448,-121.9229421,https://www.datacentermap.com/usa/california/san-jose/cogent-data-center-san-jose/
12141,ECL MV1,ECL,Colocation,411 Clyde Ave,Mountain View,94043,California,37.3958939,-122.0469503,https://www.datacentermap.com/usa/california/san-jose/ecl-mv1/
1033,CoreSite Santa Clara (SV2),CoreSite,Colocation,1656 McCarthy Blvd.,Milpitas,95035,California,37.404993,-121.91692,https://www.datacentermap.com/usa/california/san-jose/valley-exchange/
14803,Arena Investors AI R&D,"Arena Investors, LP",Colocation,199 Bassett St,San Jose,95110,California,37.340437,-121.897553,https://www.datacentermap.com/usa/california/san-jose/arena-investors-ai-rd/
12841,AVAIO Pittsburg,AVAIO Digital,Colocation,2232 Golf Club Rd,Pittsburg,94565,California,38.0125556,-121.9098061,https://www.datacentermap.com/usa/california/san-jose/avaio-pittsburg/
14091,Terra Data Center,Terra Ventures,Colocation,4701 N First St,San Jose,95134,California,37.4248641,-121.9738693,https://www.datacentermap.com/usa/california/san-jose/terra-data-center/
13160,Microsoft Alviso-Milpitas - Building 1,Microsoft,Hyperscaler,1657 Alviso Milpitas Rd,San Jose,95134,California,37.42389127574366,-121.9263607927957,https://www.datacentermap.com/usa/california/san-jose/microsoft-alviso-milpitas-building-1/
13161,Microsoft Alviso-Milpitas - Building 2,Microsoft,Hyperscaler,1657 Alviso Milpitas Rd,San Jose,95134,California,37.42448610563945,-121.9266526171043,https://www.datacentermap.com/usa/california/san-jose/microsoft-alviso-milpitas-building-2/
11502,STACK Infrastructure SVY05,STACK INFRASTRUCTURE,Colocation,2400 Ringwood Ave,San Jose,95131,California,37.4029146,-121.8950378,https://www.datacentermap.com/usa/california/san-jose/stack-infrastructure-svy05/
10598,Amazon AWS SFO - Arroyo,Amazon AWS,Hyperscaler,Camino Arroyo / Arroyo Circle,Gilroy,95020,California,37.016338,-121.558959,https://www.datacentermap.com/usa/california/san-jose/amazon-aws-sfo-arroyo/
11503,STACK Infrastructure SVY06,STACK INFRASTRUCTURE,Colocation,1849 Fortune Dr,San Jose,95131,California,37.4016556,-121.8953647,https://www.datacentermap.com/usa/california/san-jose/stack-infrastructure-svy06/
13156,Microsoft SJC04,Microsoft,Hyperscaler,2515 Orchard Pkwy,San Jose,95131,California,37.378309,-121.933703,https://www.datacentermap.com/usa/california/san-jose/microsoft-sjc04/
13158,Microsoft Orchard Pkwy Campus,Microsoft,Campus,370 W Trimble Rd,San Jose,95131,California,37.37854152342197,-121.9325888737743,https://www.datacentermap.com/usa/california/san-jose/microsoft-sjc04-campus/
13157,Microsoft SJC06,Microsoft,Hyperscaler,2515 Orchard Pkwy,San Jose,95131,California,37.37775,-121.932767,https://www.datacentermap.com/usa/california/san-jose/microsoft-sjc06/
14246,LightEdge - San Jose,LightEdge,Colocation,7 Great Oaks Blvd,San Jose,95119,California,37.24117060838421,-121.7847615842732,https://www.datacentermap.com/usa/california/san-jose/lightedge-san-jose/
4298,Synoptek - San Jose Data Center,Synoptek,Colocation,11 Great Oaks Blvd,San Jose,95119,California,37.241616,-121.782668,https://www.datacentermap.com/usa/california/san-jose/earthlink-san-jose/
7705,Plug and Play Tech Center,Plug and Play Tech Center,Colocation,440 N Wolfe Rd,Sunnyvale,94085,California,37.383958,-122.0129203,https://www.datacentermap.com/usa/california/san-jose/plug-and-play-tech-center/
13349,Got.Net Salinas,Got.Net,Colocation,1325 Abbott St,Salinas,93901,California,36.6533638,-121.6256412,https://www.datacentermap.com/usa/california/san-jose/gotnet-salinas/
947,SVCOLO Sunnyvale,"Silicon Valley Colocation, Inc.",Colocation,1111 Karlstad,Sunnyvale,94089,California,37.401437,-122.013419,https://www.datacentermap.com/usa/california/san-jose/svcolo-sunnyvale/
1518,Lumen San Jose 2,Lumen,Colocation,1400 Kifer Road,Sunnyvale,98108,California,37.372464,-121.985961,https://www.datacentermap.com/usa/california/san-jose/qwest-sunnyvale-2/
5459,Lumen San Jose 1,Lumen,Colocation,1741 Technology Drive,San Jose,95110,California,37.3679038,-121.9201997,https://www.datacentermap.com/usa/california/san-jose/level3-san-jose1/
1325,NaviSite San Jose,"NaviSite, Inc.",Colocation,2720 Zanker Road,San Jose,95134,California,37.3927139,-121.9267244,https://www.datacentermap.com/usa/california/san-jose/navisite-san-jose/
1455,Lumen San Jose,Lumen,Colocation,1380 Kifer Road,Sunnyvale,98108,California,37.374022,-121.98796,https://www.datacentermap.com/usa/california/san-jose/level3-san-jose/
9766,T5 Data Centers - T5@Silicon Valley,T5 Data Centers,Colocation,39800 Eureka Dr,Newark,94560,California,37.5101524,-122.0018832,https://www.datacentermap.com/usa/california/fremont/t5-data-centers-t5silicon-valley/
11751,Prime Silicon Valley - Hayward,Prime Data Centers,Colocation,26415 Corporate Ave,Hayward,94545,California,37.6260838,-122.1134605,https://www.datacentermap.com/usa/california/fremont/prime-hayward/
1152,Hurricane Electric Fremont 1,Hurricane Electric,Colocation,760 Mission Ct,Fremont,94539,California,37.4898735,-121.9309835,https://www.datacentermap.com/usa/california/fremont/he-freemont1/
1151,Hurricane Electric Fremont 2,Hurricane Electric,Colocation,48233 Warm Springs Blvd,Fremont,94539,California,37.4718685,-121.9203136,https://www.datacentermap.com/usa/california/fremont/he-freemont2/
10914,Apple Newark Data Center,Apple,Hyperscaler,39800 Eureka Drive,Newark,94560,California,37.5099076,-122.001852,https://www.datacentermap.com/usa/california/fremont/apple-newark-data-center/
11749,37887 Shinn Street,Valley Oak Partners,Colocation,37887 Shinn St,Fremont,94536,California,37.5666972,-121.9836371,https://www.datacentermap.com/usa/california/fremont/37887-shinn-street/
771,365 Main Street (SFO12),Digital Realty,Colocation,365 Main Street,San Francisco,94105,California,37.7886687,-122.3905089,https://www.datacentermap.com/usa/california/san-francisco/365-main-st/
984,200 Paul Avenue (SFO10),Digital Realty,Colocation,200 Paul Avenue,San Francisco,94124,California,37.7236415,-122.3979821,https://www.datacentermap.com/usa/california/san-francisco/200-paul-avenue/
5985,Fortress Data Centers,Fortress Data Centers,Colocation,274 Brannan Street,San Francisco,94107,California,37.7825822,-122.3917644,https://www.datacentermap.com/usa/california/san-francisco/fortress-data-centers/
2058,Colocation America SFDC1,Colocation America,Colocation,200 Paul Ave,San Francisco,94124,California,37.722871,-122.397683,https://www.datacentermap.com/usa/california/san-francisco/colocation-america-200-paul/
10800,Novva San Francisco,Novva,Colocation,400 Paul Ave,San Francisco,94124,California,37.7244541,-122.3989633,https://www.datacentermap.com/usa/california/san-francisco/novva-san-francisco/
3290,Data Center 360 Spear Street,Fastmetrics LLC,Colocation,360 Spear Street,San Francisco,94105,California,37.7892771,-122.3901741,https://www.datacentermap.com/usa/california/san-francisco/fastmetrics-360-spear/
11610,UnitedLayer San Francisco,"UnitedLayer, Inc.",Colocation,200 Paul Ave,San Francisco,94124,California,37.723698,-122.398056,https://www.datacentermap.com/usa/california/san-francisco/unitedlayer-san-francisco/
3669,Centersquare - Silicon Valley SFO3-A,Centersquare,Colocation,1400 Kifer Rd,Sunnyvale,94086,California,37.372414,-121.986396,https://www.datacentermap.com/usa/california/san-francisco/cyxtera-sfo3a/
3670,Centersquare - Silicon Valley SFO3-B,Centersquare,Colocation,1320 Kifer Rd,Sunnyvale,94086,California,37.373596,-121.988951,https://www.datacentermap.com/usa/california/san-francisco/cyxtera-sfo3b/
3289,Data Center 365 Main Street,Fastmetrics LLC,Colocation,365 Main Street,San Francisco,94105,California,37.7886,-122.390842,https://www.datacentermap.com/usa/california/san-francisco/fastmetrics-365-main/
5257,CoreSite Santa Clara (SV6),CoreSite,Colocation,3001 Coronado Dr,Santa Clara,95054,California,37.376326,-121.971916,https://www.datacentermap.com/usa/california/san-francisco/ns3i/
1445,Lumen San Francisco 1,Lumen,Colocation,185 Berry Street,San Francisco,94107,California,37.775979,-122.393213,https://www.datacentermap.com/usa/california/san-francisco/level3-san-francisco/
5458,Lumen San Francisco 3,Lumen,Colocation,200 Paul Avenue,San Francisco,94124,California,37.7233428,-122.3978233,https://www.datacentermap.com/usa/california/san-francisco/level3-san-francisco3/
483,Data Canopy - San Francisco,Data Canopy,Colocation,630 Third Street,San Francisco,94107,California,37.779562,-122.393666,https://www.datacentermap.com/usa/california/san-francisco/hosting-san-francisco/
1523,JMA Wired,"JMA Ventures, LLC",Building,360 Spear St,San Francisco,94105,California,37.7888854,-122.3902738,https://www.datacentermap.com/usa/california/san-francisco/jma-wired/
997,1100 Space Park Dr (SJC10),Digital Realty,Colocation,1100 Space Park Drive,Santa Clara,95054,California,37.375823,-121.9533248,https://www.datacentermap.com/usa/california/santa-clara/1100-space-park-drive/
3255,3105 Alfred Rd (SJC30),Digital Realty,Colocation,3105 Alfred Road,Santa Clara,95054,California,37.3782712,-121.9581122,https://www.datacentermap.com/usa/california/santa-clara/3105-alfred-rd/
3229,1500 Space Park Dr (SJC14),Digital Realty,Colocation,1500 Space Park Dr,Santa Clara,95054,California,37.3758007,-121.955182,https://www.datacentermap.com/usa/california/santa-clara/1550-space-park/
3256,3205 Alfred St (SJC35),Digital Realty,Colocation,3205 Alfred Street,Santa Clara,95054,California,37.3790313,-121.9583275,https://www.datacentermap.com/usa/california/santa-clara/3115-alfred-rd/
4051,2820 Northwestern Pkwy (SJC34),Digital Realty,Colocation,2820 Northwestern Pkwy,Santa Clara,95051,California,37.3724282,-121.9736174,https://www.datacentermap.com/usa/california/santa-clara/telx-scl2/
7896,1525 Comstock St (SJC16),Digital Realty,Colocation,1525 Comstock Street,Santa Clara,95054,California,37.3749295,-121.9560081,https://www.datacentermap.com/usa/california/santa-clara/1525-comstock-street/
7799,2805 Lafayette St (SJC31),Digital Realty,Colocation,2805 Lafayette Street,Santa Clara,95050,California,37.3725971,-121.9479554,https://www.datacentermap.com/usa/california/santa-clara/2805-lafayette/
7909,2220 De La Cruz Blvd (SC1),Digital Realty,Colocation,2220 De La Cruz Boulevard,Santa Clara,95050,California,37.3617685,-121.9437734,https://www.datacentermap.com/usa/california/santa-clara/2220-de-la-cruz-boulevard/
12485,Centersquare - Silicon Valley SFO4-B,Centersquare,Colocation,1550 Space Park Dr,Santa Clara,95054,California,37.3759473,-121.9559875,https://www.datacentermap.com/usa/california/santa-clara/centersquare-silicon-valley-sfo4-b/
12484,Centersquare - Silicon Valley SFO4-A,Centersquare,Colocation,1500 Space Park Dr,Santa Clara,95054,California,37.3757193,-121.9551544,https://www.datacentermap.com/usa/california/santa-clara/centersquare-silicon-valley-sfo4-a/
7809,1201 Comstock St (SJC15),Digital Realty,Colocation,1201 Comstock Street,Santa Clara,95054,California,37.3749804,-121.954079,https://www.datacentermap.com/usa/california/santa-clara/1201-comstock-street/
7808,1725 Comstock St (SJC29),Digital Realty,Colocation,1725 Comstock Street,Santa Clara,95054,California,37.3750338,-121.9580965,https://www.datacentermap.com/usa/california/santa-clara/1725-comstock-street/
8485,Cologix SV1,Cologix,Colocation,2050 Martin Ave.,Santa Clara,95050,California,37.36751391096377,-121.9638310927645,https://www.datacentermap.com/usa/california/santa-clara/cologix-sv1/
1006,3011 Lafayette St (SJC11),Digital Realty,Colocation,3011 Lafayette Street,Santa Clara,95054,California,37.37634,-121.948688,https://www.datacentermap.com/usa/california/santa-clara/3011-lafayette-street/
11923,1350 Duane & 3080 Raymond,Digital Realty,Campus,1350 Duane Ave / 3080 Raymond St,Santa Clara,95054,California,37.37815259245142,-121.9545456128045,https://www.datacentermap.com/usa/california/santa-clara/1350-duane-3080-raymond/
11716,2825-2845 Lafayette Street (SJC36),Digital Realty,Colocation,2825-2845 Lafayette St,Santa Clara,95054,California,37.3726199,-121.9467445,https://www.datacentermap.com/usa/california/santa-clara/2825-2845-lafayette-street-sjc36/
999,2045 & 2055 LaFayette St (SJC17),Digital Realty,Colocation,2045 & 2055 LaFayette Street,Santa Clara,95050,California,37.34741,-121.941833,https://www.datacentermap.com/usa/california/santa-clara/2045-2055-lafayette-street/
8672,641 Walsh Ave (SJC37),Digital Realty,Colocation,641 Walsh Ave,Santa Clara,95054,California,37.370837,-121.946792,https://www.datacentermap.com/usa/california/santa-clara/641-walsh/
1002,2403 Walsh St (SJC19),Digital Core REIT,Colocation,2403 Walsh Street,Santa Clara,95051,California,37.369543,-121.968551,https://www.datacentermap.com/usa/california/santa-clara/2403-walsh-street/
989,2401 Walsh St (SJC18),Digital Core REIT,Colocation,2401 Walsh Street,Santa Clara,95051,California,37.369545,-121.9685,https://www.datacentermap.com/usa/california/santa-clara/2401-walsh-street/
946,EdgeConneX Santa Clara - EDCSVC02,EdgeConneX,Colocation,1700 Richard Avenue,Santa Clara,95050,California,37.3643203,-121.9587891,https://www.datacentermap.com/usa/california/santa-clara/svcolo-santa-clara/
8536,NTT Silicon Valley SV1,NTT Global Data Centers,Colocation,1160 Walsh Avenue,Santa Clara,95050,California,37.3697388,-121.9567825,https://www.datacentermap.com/usa/california/santa-clara/ntt-silicon-valley-sv1/
9953,Prime Santa Clara - 1231 Comstock,Prime Data Centers,Colocation,1231 Comstock St,Santa Clara,95054,California,37.3749613,-121.9548655,https://www.datacentermap.com/usa/california/santa-clara/prime-santa-clara-2/
9599,Prime Santa Clara - 1111 Comstock,Prime Data Centers,Colocation,1111 Comstock St,Santa Clara,95054,California,37.3749112,-121.9532543,https://www.datacentermap.com/usa/california/santa-clara/prime-santa-clara-1/
2954,Evocative SJC11,Evocative Data Centers,Colocation,2151 Mission College Blvd,Santa Clara,95054,California,37.389437,-121.962005,https://www.datacentermap.com/usa/california/santa-clara/internap-santa-clara/
1059,Equinix SV2,Equinix,Colocation,1350 Duane Ave,Santa Clara,95054,California,37.3781646,-121.9549689,https://www.datacentermap.com/usa/california/santa-clara/equinix-santa-clara/
9424,CyrusOne SCV1 - Santa Clara,CyrusOne Data Centers,Colocation,2600 De La Cruz Blvd.,Santa Clara,95050,California,37.3680878,-121.9425115,https://www.datacentermap.com/usa/california/santa-clara/cyrusone-scv1/
1058,Equinix SV4,Equinix,Colocation,255 Caspian Drive,Sunnyvale,94089,California,37.4145265,-122.0146732,https://www.datacentermap.com/usa/california/santa-clara/equinix-sunnyvale/
9954,Prime Santa Clara - 2215 Martin,Prime Data Centers,Colocation,2215 Martin Ave,Santa Clara,95050,California,37.3670384,-121.9628064,https://www.datacentermap.com/usa/california/santa-clara/prime-santa-clara-3/
9171,DataBank SFO1 - Silicon Valley,DataBank,Colocation,5101 Lafayette St,Santa Clara,95054,California,37.40736,-121.9660075,https://www.datacentermap.com/usa/california/santa-clara/databank-sfo1/
1772,Centersquare - Silicon Valley SFO2-A,Centersquare,Colocation,4700 Old Ironsides Dr,Santa Clara,95054,California,37.398456,-121.980934,https://www.datacentermap.com/usa/california/santa-clara/cyxtera-sfo2a/
1776,Centersquare - Silicon Valley SFO1-A,Centersquare,Colocation,2401 Walsh Ave.,Santa Clara,95051,California,37.371351,-121.969356,https://www.datacentermap.com/usa/california/santa-clara/cyxtera-sfo1a/
867,Equinix SV17 (NAP West),Equinix,Colocation,3030 Corvin Drive,Santa Clara,95051,California,37.375212,-121.98787,https://www.datacentermap.com/usa/california/santa-clara/nap-west/
4535,Colovore SJC01,Colovore,Colocation,1101 Space Park Dr,Santa Clara,95054,California,37.376671,-121.953162,https://www.datacentermap.com/usa/california/santa-clara/colovore/
9704,Summit Silicon Valley,Summit (formerly Deft),Colocation,2820 Northwestern Pkwy,Santa Clara,95051,California,37.3724282,-121.9736174,https://www.datacentermap.com/usa/california/santa-clara/deft-silicon-valley/
9065,Equinix SV16,Equinix,Colocation,3000 Corvin Drive,Santa Clara,95051,California,37.3763123119311,-121.9883228564838,https://www.datacentermap.com/usa/california/santa-clara/equinix-sv16/
9063,Equinix SV14,Equinix,Colocation,2960 Corvin Drive,Santa Clara,95051,California,37.37495,-121.988496,https://www.datacentermap.com/usa/california/santa-clara/equinix-sv14/
9064,Equinix SV15,Equinix,Colocation,2970 Corvin Drive,Santa Clara,95051,California,37.37549,-121.98853,https://www.datacentermap.com/usa/california/santa-clara/equinix-sv15/
11739,EdgeCore Silicon Valley SV01,EdgeCore,Colocation,2201 Laurelwood Rd,Santa Clara,95054,California,37.383792,-121.965393,https://www.datacentermap.com/usa/california/santa-clara/edgecore-silicon-valley-sv01/
1771,Centersquare - Silicon Valley SFO1-B,Centersquare,Colocation,2403 Walsh Ave.,Santa Clara,95051,California,37.370435,-121.969822,https://www.datacentermap.com/usa/california/santa-clara/cyxtera-sfo1b/
1774,Centersquare - Silicon Valley SFO2-B,Centersquare,Colocation,4650 Old Ironsides Dr,Santa Clara,95054,California,37.397719,-121.98088,https://www.datacentermap.com/usa/california/santa-clara/cyxtera-sfo2b/
1678,Equinix SV6,Equinix,Colocation,444 Toyama Drive,Sunnyvale,94089,California,37.399672,-122.014548,https://www.datacentermap.com/usa/california/santa-clara/switchdata-sunnyvale/
7695,EdgeCore Silicon Valley Campus,EdgeCore,Campus,2201 Laurelwood Rd,Santa Clara,95054,California,37.383149,-121.965308,https://www.datacentermap.com/usa/california/santa-clara/silicon-valley-campus/
11740,EdgeCore Silicon Valley SV02,EdgeCore,Colocation,2201 Laurelwood Rd,Santa Clara,95054,California,37.384517,-121.966051,https://www.datacentermap.com/usa/california/santa-clara/edgecore-silicon-valley-sv02/
841,Evocative SJC3,Evocative Data Centers,Colocation,3080 Raymond Street,Santa Clara,95054,California,37.3780424,-121.9541355,https://www.datacentermap.com/usa/california/santa-clara/wave-hosting/
14763,Intel Santa Clara (D2P3),Intel Corporation,Enterprise,2200 Mission College Blvd,Santa Clara,95054,California,37.38758435282337,-121.963606431173,https://www.datacentermap.com/usa/california/santa-clara/intel-santa-clara-d2p3/
9415,CoreSite Silicon Valley (SV9),CoreSite,Colocation,2905 Stender Way,Santa Clara,95054,California,37.375177,-121.9696175,https://www.datacentermap.com/usa/california/santa-clara/coresite-silicon-valley-sv9/
9616,STACK Infrastructure SVY02A,STACK INFRASTRUCTURE,Colocation,1200 Memorex Dr,Santa Clara,95050,California,37.3614358,-121.9530432,https://www.datacentermap.com/usa/california/santa-clara/stack-infrastructure-svy02a/
7998,OpenColo - SC1,OpenColo,Colocation,3223 Kenneth Street,Santa Clara,95054,California,37.37905576808189,-121.9559777668448,https://www.datacentermap.com/usa/california/santa-clara/sc1/
11116,Datacate Santa Clara,Datacate Inc.,Colocation,2151 Mission College Blvd,Santa Clara,95054,California,37.3894282,-121.9622415,https://www.datacentermap.com/usa/california/santa-clara/datacate-santa-clara/
8179,CoreSite Santa Clara (SV3),CoreSite,Colocation,2901 Coronado Drive,Santa Clara,95054,California,37.3751356,-121.9717501,https://www.datacentermap.com/usa/california/santa-clara/coresite-sv3/
11006,Colovore SJC02,Colovore,Colocation,3060 Raymond St,Santa Clara,95054,California,37.3773412,-121.9530364,https://www.datacentermap.com/usa/california/santa-clara/colovore-sjc02/
13865,Connect Santa Clara,Connect Data Centers by Oppidan,Colocation,715-805 Comstock St,Santa Clara,95054,California,37.3755405640663,-121.9476626925453,https://www.datacentermap.com/usa/california/santa-clara/connect-santa-clara/
9643,Evocative SJC14,Evocative Data Centers,Colocation,1525 Comstock Street,Santa Clara,95054,California,37.3749408,-121.955932,https://www.datacentermap.com/usa/california/santa-clara/evocative-sjc14/
7946,CoreSite Santa Clara (SV8),CoreSite,Colocation,3035 Stender Way,Santa Clara,95054,California,37.3774639,-121.9713031,https://www.datacentermap.com/usa/california/santa-clara/coresite-santa-clara-sv8/
11657,Vantage CA3 - Santa Clara III,Vantage Data Centers,Colocation,2590 Walsh Ave,Santa Clara,95051,California,37.3707768,-121.9745047,https://www.datacentermap.com/usa/california/santa-clara/vantage-ca3-santa-clara-iii/
10280,CloudHQ SJC1,CloudHQ,Colocation,552 Reed St,Santa Clara,95050,California,37.35936,-121.94266,https://www.datacentermap.com/usa/california/santa-clara/cloudhq-sjc1/
10595,Amazon AWS SFO - Mission College Campus,Amazon AWS,Campus,2305 Mission College Blvd,Santa Clara,95054,California,37.38990864152262,-121.966772987255,https://www.datacentermap.com/usa/california/santa-clara/aws-sfo-mission-college-campus/
5230,CoreSite Santa Clara (SV4),CoreSite,Colocation,2972 Stender Way,Santa Clara,95054,California,37.37599329999999,-121.970766,https://www.datacentermap.com/usa/california/santa-clara/coresite-sv4/
10796,China Telecom Santa Clara,China Telecom Americas,Colocation,2807 Mission College Blvd,Santa Clara,95054,California,37.3939384,-121.9781644,https://www.datacentermap.com/usa/california/santa-clara/china-telecom-santa-clara/
12317,LightEdge - Santa Clara,LightEdge,Colocation,2805 Bowers Ave,Santa Clara,95051,California,37.3725376,-121.9766373,https://www.datacentermap.com/usa/california/santa-clara/lightedge-santa-clara/
7945,CoreSite Santa Clara (SV7),CoreSite,Colocation,3020 Coronado Drive,Santa Clara,95054,California,37.37601069999999,-121.973083,https://www.datacentermap.com/usa/california/santa-clara/coresite-santa-clara-sv7/
10599,Amazon AWS SFO - 960 Central,Amazon AWS,Hyperscaler,960 Central Expy,Santa Clara,95050,California,37.372741,-121.953591,https://www.datacentermap.com/usa/california/santa-clara/amazon-aws-sfo-960-central/
10597,Amazon AWS SFO - 2305 Mission B,Amazon AWS,Hyperscaler,2305 Mission College Blvd,Santa Clara,95054,California,37.38986602005222,-121.9678887861565,https://www.datacentermap.com/usa/california/santa-clara/amazon-aws-sfo-2305-mission-b/
10300,CoreSite Santa Clara (SV5),CoreSite,Colocation,2950 Stender Way,Santa Clara,95054,California,37.375217,-121.970755,https://www.datacentermap.com/usa/california/santa-clara/coresite-santa-clara-sv5/
12183,EdgeConneX Santa Clara - EDCSVC01,EdgeConneX,Colocation,1600 Memorex Dr,Santa Clara,95050,California,37.3635635,-121.9574714,https://www.datacentermap.com/usa/california/santa-clara/edgeconnex-santa-clara-edcsvc01/
14012,StratCap Santa Clara,StratCap Data Centers,Colocation,3205 Bassett St,Santa Clara,95054,California,37.3798125,-121.9499101,https://www.datacentermap.com/usa/california/santa-clara/stratcap-santa-clara/
10596,Amazon AWS SFO - 2305 Mission A,Amazon AWS,Hyperscaler,2305 Mission College Blvd,Santa Clara,95054,California,37.38990437937666,-121.9661507147906,https://www.datacentermap.com/usa/california/santa-clara/amazon-aws-sfo-2305-mission-a/
11528,Vantage CA2 - Building 3,Vantage Data Centers,Colocation,737 Mathew St,Santa Clara,95050,California,37.3643078,-121.9463541,https://www.datacentermap.com/usa/california/santa-clara/vantage-ca2-building-3/
3498,IBM SJC01,IBM,Colocation,3105 Alfred St,Santa Clara,95054,California,37.3782765,-121.9581228,https://www.datacentermap.com/usa/california/santa-clara/softlayer-sjc011/
11525,Vantage CA2 -Santa Clara II Campus,Vantage Data Centers,Campus,625-765 Mathew St,Santa Clara,95050,California,37.36413077518475,-121.9468310439461,https://www.datacentermap.com/usa/california/santa-clara/vantage-ca2-santa-clara-ii-campus/
5463,Lumen Santa Clara 1,Lumen,Colocation,3045 Raymond Street,Santa Clara,95054,California,37.377137,-121.951892,https://www.datacentermap.com/usa/california/santa-clara/level3-santa-clara1/
11527,Vantage CA2 - Building 2,Vantage Data Centers,Colocation,651 Mathew St,Santa Clara,95050,California,37.3643078,-121.9463541,https://www.datacentermap.com/usa/california/santa-clara/vantage-ca2-building-2/
11526,Vantage CA2 - Building 1,Vantage Data Centers,Colocation,765 Mathew St,Santa Clara,95050,California,37.36403374351696,-121.9476977573741,https://www.datacentermap.com/usa/california/santa-clara/vantage-ca2-building-1/
4089,Tata Communications Santa Clara,Tata Communications,Colocation,1100 Space Park Dr,Santa Clara,95054,California,37.3758323,-121.9533126,https://www.datacentermap.com/usa/california/santa-clara/tata-santa-clara/
14343,"Sierra Morena Tower, LLC","Sierra Morena Tower, LLC",Colocation,15040 Skyline Blvd,Redwood City,94062,California,37.410485,-122.3072202,https://www.datacentermap.com/usa/california/palo-alto/sierra-morena-tower/
1489,Equinix SV8,Equinix,Colocation,529 Bryant St,Palo Alto,94301,California,37.445684,-122.161201,https://www.datacentermap.com/usa/california/palo-alto/switchdata-palo-alto/
1762,AT&T Redwood,AT&T Inc.,Colocation,3175 Spring Street,Redwood City,94063,California,37.4804998,-122.2000846,https://www.datacentermap.com/usa/california/palo-alto/att-3175-spring/
7780,Prime Sacramento Data Center Campus,Prime Data Centers,Campus,2407 AK Street,McClellan Park,95652,California,38.6432828,-121.4079046,https://www.datacentermap.com/usa/california/sacramento/prime-building-one/
5096,Quest Roseville HABC,Quest Technology Management,Colocation,9000 Foothills Blvd,Roseville,95765,California,38.7909258,-121.317567,https://www.datacentermap.com/usa/california/sacramento/quest-roseville-sdc/
8561,NTT Sacramento CA3,NTT Global Data Centers,Colocation,1625 West National Drive,Sacramento,95834,California,38.6443843,-121.4986357,https://www.datacentermap.com/usa/california/sacramento/ntt-sacramento-ca3/
8559,NTT Sacramento CA1,NTT Global Data Centers,Colocation,1200 Striker Avenue,Sacramento,95834,California,38.65094013948976,-121.4914402040041,https://www.datacentermap.com/usa/california/sacramento/ntt-sacramento-ca1/
8560,NTT Sacramento CA2,NTT Global Data Centers,Colocation,1312 Striker Avenue,Sacramento,95834,California,38.6504135,-121.4893549,https://www.datacentermap.com/usa/california/sacramento/ntt-sacramento-ca2/
2673,Quest McClellan BRC,Quest Technology Management,Colocation,4235 Forcum Ave,McClellan Park,95652,California,38.6444895,-121.4066073,https://www.datacentermap.com/usa/california/sacramento/mcclellan-brc/
11799,Prime Sacramento - Data Center 1,Prime Data Centers,Colocation,2407 AK Street,McClellan Park,95652,California,38.643148,-121.407521,https://www.datacentermap.com/usa/california/sacramento/prime-sacramento-dc1/
8470,Conscious Data Centers,Conscious Capital Data Center,Colocation,3141 Data Dr,Rancho Cordova,95670,California,38.5870116,-121.2821277,https://www.datacentermap.com/usa/california/sacramento/conscious-data-centers/
11800,Prime Sacramento - Data Center 2,Prime Data Centers,Colocation,2408 AK Street,McClellan Park,95652,California,38.6426582,-121.4068614,https://www.datacentermap.com/usa/california/sacramento/prime-sacramento-dc2/
5544,EdgeConneX Sacramento - EDCSAC01,EdgeConneX,Colocation,10980 Gold Center Dr,Rancho Cordova,95670,California,38.59229,-121.277357,https://www.datacentermap.com/usa/california/sacramento/edcsac01/
3983,Datacate Rancho Cordova,Datacate Inc.,Colocation,2999 Gold Canal Dr.,Rancho Cordova,95670,California,38.594558,-121.268192,https://www.datacentermap.com/usa/california/sacramento/datacate/
2617,365 Data Centers - Rancho Cordova,365 Data Centers,Colocation,11085 Sun Center Dr,Rancho Cordova,95670,California,38.59599,-121.272554,https://www.datacentermap.com/usa/california/sacramento/sungard-sacramento/
7548,Prime Data Centers,GroupOne,Colocation,2407 AK St,McClellan,95652,California,38.6432234,-121.4074459,https://www.datacentermap.com/usa/california/sacramento/prime-data-centers/
517,QTS Sacramento,QTS Data Centers,Colocation,1100 North Market Blvd,Sacramento,95834,California,38.647043,-121.4856,https://www.datacentermap.com/usa/california/sacramento/herakles-data/
10371,Cogent Data Center - Oroville,"Cogent Communications, Inc.",Colocation,2405 Bird St,Oroville,95965,California,39.5142331,-121.5502911,https://www.datacentermap.com/usa/california/sacramento/cogent-data-center-oroville/
11135,Consolidated McClellan,Consolidated Communications,Colocation,5115 Arnold Blvd,McClellan,95652,California,38.6733377,-121.390048,https://www.datacentermap.com/usa/california/sacramento/consolidated-mcclellan/
11134,Consolidated Citrus Heights,Consolidated Communications,Colocation,7656 Old Auburn Blvd,Citrus Heights,95610,California,38.6973709,-121.283106,https://www.datacentermap.com/usa/california/sacramento/consolidated-citrus-heights/
558,iStreet Solutions,"iStreet Solutions, LLC",Colocation,1075 Triangle Ct,Broderick,95605,California,38.5869154,-121.5305789,https://www.datacentermap.com/usa/california/sacramento/istreet-solutions/
9511,Lumen Sacramento 1,Lumen,Colocation,1075 Triangle Court,West Sacramento,95691,California,38.5869154,-121.5306666,https://www.datacentermap.com/usa/california/sacramento/lumen-sacramento-1/
5099,DataNOC Data Center,DataNOC.com,Colocation,10321 Placer Lane,Sacramento,95827,California,38.5764625,-121.307198,https://www.datacentermap.com/usa/california/sacramento/datanoccom/
10950,TPx Sacramento Data Center,TPx Communications,Colocation,1099 15th St,Sacramento,95814,California,38.5773799,-121.4870188,https://www.datacentermap.com/usa/california/sacramento/tpx-sacramento-data-center/
5444,Lumen Sacramento 2,Lumen,Colocation,1005 North B Street,Sacramento,95814,California,38.59143,-121.487826,https://www.datacentermap.com/usa/california/sacramento/level3-sacramento2/
778,720 2nd Street (OAK10),Digital Realty,Colocation,720 2nd street,Oakland,94607,California,37.7990209,-122.2825072,https://www.datacentermap.com/usa/california/oakland/720-2nd-st/
9806,MDC San Diego - SDG1,MDC Data Centers,Colocation,7014 Manya Cir,San Diego,92154,California,32.5941922,-117.0853841,https://www.datacentermap.com/usa/california/san-diego/mdc-san-diego/
548,DataBank SAN1 - San Diego World Trade,DataBank,Colocation,12270 World Trade Dr,San Diego,92128,California,32.9885962,-117.0731756,https://www.datacentermap.com/usa/california/san-diego/castle-access/
5550,EdgeConneX San Diego - EDCSDG01,EdgeConneX,Colocation,5761 Copley Drive,San Diego,92111,California,32.8404895,-117.1683742,https://www.datacentermap.com/usa/california/san-diego/edcsdg01/
3373,ScaleMatrix San Diego ,ScaleMatrix,Colocation,5775 Kearny Villa Rd,San Diego,92123,California,32.837756,-117.132835,https://www.datacentermap.com/usa/california/san-diego/scalematrix/
7397,Cogent Data Center - San Diego 2,"Cogent Communications, Inc.",Colocation,9530 Towne Centre Drive,San Diego,92121,California,32.88044764485392,-117.2094655036926,https://www.datacentermap.com/usa/california/san-diego/cogent-san-diego2/
476,LightEdge - San Diego I,LightEdge,Colocation,9305 Lightwave Ave,San Diego,92123,California,32.82785,-117.129683,https://www.datacentermap.com/usa/california/san-diego/american-internet-services-ais/
11115,I2B Networks San Diego,"I2B Networks, Inc",Colocation,8830 Complex Dr,San Diego,92123,California,32.83052398649002,-117.1368640909025,https://www.datacentermap.com/usa/california/san-diego/i2b-networks-san-diego/
5639,CARI.net Campus,CARI.net,Colocation,8915 Complex Drive,Kearney Mesa,92123,California,32.8299041,-117.1341603,https://www.datacentermap.com/usa/california/san-diego/carinet/
5564,Cogent Data Center - San Diego 1,"Cogent Communications, Inc.",Colocation,525 B Street,San Diego,92101,California,32.7176406,-117.1596829,https://www.datacentermap.com/usa/california/san-diego/cogent-san-diego/
695,SimpleNet Colo,"SimpleNet, Inc.",Colocation,225 Broadway,San Diego,92101,California,32.7152655,-117.1624985,https://www.datacentermap.com/usa/california/san-diego/simplenet-colo/
12767,Cogent Data Center - San Diego 3,"Cogent Communications, Inc.",Colocation,1402 K St,San Diego,92101,California,32.7086979,-117.1514773,https://www.datacentermap.com/usa/california/san-diego/cogent-data-center-san-diego-3/
1908,LightEdge - San Diego II,LightEdge,Colocation,9725 Scranton Road,San Diego,92121,California,32.897274,-117.201076,https://www.datacentermap.com/usa/california/san-diego/american-internet-services-sdtc/
1456,Lumen San Diego 1,Lumen,Colocation,8929 Aero Drive,San Diego,92123,California,32.809748,-117.135609,https://www.datacentermap.com/usa/california/san-diego/level3-san-diego/
5456,Lumen San Diego 2,Lumen,Colocation,8923 Complex Drive,San Diego,92123,California,32.829836,-117.134159,https://www.datacentermap.com/usa/california/san-diego/level3-san-diego2/
607,DataBank SNA1 - Irvine,DataBank,Colocation,17222 Von Karman Ave,Irvine,92614,California,33.6904376,-117.8405968,https://www.datacentermap.com/usa/california/irvine/latisys-irvine/
9168,DataBank SNA2 - Irvine,DataBank,Colocation,17400 Von Karman Ave,Irvine,92614,California,33.6878673,-117.8424155,https://www.datacentermap.com/usa/california/irvine/databank-sna2/
702,Aecero,Aecero,Colocation,2463 W La Palma Ave,Anaheim,92801,California,33.8486038,-117.970955,https://www.datacentermap.com/usa/california/irvine/streaming-media-hosting/
3722,Millennium Systems Inc,Millennium Systems,Colocation,580 Wald,Irvine,92618,California,33.6321588,-117.734101,https://www.datacentermap.com/usa/california/irvine/millennium-systems/
1781,Centersquare - Los Angeles LAX3-A,Centersquare,Colocation,17836 Gillette Ave.,Irvine,92614,California,33.68786210291935,-117.8474986553192,https://www.datacentermap.com/usa/california/irvine/cyxtera-lax3/
4729,SMS Datacenter,SMS Datacenter,Colocation,2525 Main Street,Irvine,92614,California,33.6831608,-117.8435413,https://www.datacentermap.com/usa/california/irvine/grupo-sms/
3687,Alchemy Irvine Data Center,"Dynascale, Inc.",Colocation,2640 Main St,Irvine,92614,California,33.6836599,-117.846467,https://www.datacentermap.com/usa/california/irvine/alchemynet/
2394,Cogent Data Center - Anaheim,"Cogent Communications, Inc.",Colocation,300 S Harbor Blvd.,Anaheim,92805,California,33.831584,-117.918,https://www.datacentermap.com/usa/california/irvine/cogent-anaheim/
10368,Cogent Data Center - Rialto,"Cogent Communications, Inc.",Colocation,282 S Sycamore Ave,Rialto,92376,California,34.0972546,-117.3670807,https://www.datacentermap.com/usa/california/irvine/cogent-data-center-rialto/
10369,Cogent Data Center - Anaheim 2,"Cogent Communications, Inc.",Colocation,1750 W Penhall Way,Anaheim,92801,California,33.8347733,-117.9453116,https://www.datacentermap.com/usa/california/irvine/cogent-data-center-anaheim-2/
614,Orange County Internet Exchange,Sangoma Technologies,Colocation,2001 E. Dyer Rd,Santa Ana,92705,California,33.707955,-117.844414,https://www.datacentermap.com/usa/california/irvine/orange-county-internet-exchange/
10952,TPx Santa Ana Data Center,TPx Communications,Colocation,2001 E Dyer Rd,Santa Ana,92705,California,33.7083825,-117.8439486,https://www.datacentermap.com/usa/california/irvine/tpx-santa-ana-data-center/
5280,Lumen Anaheim 1,Lumen,Colocation,2461 W. La Palma Avenue,Anaheim,92801,California,33.848418,-117.970955,https://www.datacentermap.com/usa/california/irvine/level3-anaheim1/
484,Data Canopy - Irvine,Data Canopy,Colocation,16842 Von Karman Ave,Irvine,92606,California,33.694874,-117.836955,https://www.datacentermap.com/usa/california/irvine/hosting-irvine/
8897,Unwired FAT1,unWired Broadband,Colocation,414 Bedford,Fresno,93711,California,36.8464008,-119.7994141,https://www.datacentermap.com/usa/california/fresno/unwired-fat1/
1391,Lumen Fresno 2,Lumen,Colocation,7576 N Del Mar Ave,Fresno,93711,California,36.847527,-119.795865,https://www.datacentermap.com/usa/california/fresno/twtc-fresno/
5332,Lumen Fresno 1,Lumen,Colocation,305 W. Napa Ave,Fresno,93706,California,36.747506,-119.8150478,https://www.datacentermap.com/usa/california/fresno/level3-fresno1/
2426,IC2NET Tustin Data Center,"IC2NET, Inc.",Colocation,14351 Myford Rd,Tustin,92780,California,33.716986,-117.802963,https://www.datacentermap.com/usa/california/tustin/ic2net-tustin-data-center/
1464,Lumen Tustin,Lumen,Colocation,14452 Franklin Avenue,Tustin,92780,California,33.717553,-117.806486,https://www.datacentermap.com/usa/california/tustin/level3-tustin/
2223,Astound Mountain View DC,Astound Business,Colocation,1555 Plymouth St,Mountain View,94043,California,37.41552,-122.08199,https://www.datacentermap.com/usa/california/mountain-view/layer42-networks/
2412,Digital West Data Center,Digital West Networks,Colocation,711 Tank Farm Rd,San Luis Obispo,93401,California,35.2481119,-120.6422232,https://www.datacentermap.com/usa/california/san-luis-obispo/sbp1/
8514,H5 Data Centers San Luis Obispo,H5 Data Centers,Colocation,3610 Sacramento Dr.,San Luis Obispo,93401,California,35.2557768,-120.6407522,https://www.datacentermap.com/usa/california/san-luis-obispo/h5-san-luis-obispo/
5460,Lumen San Luis Obispo 1,Lumen,Colocation,775 Capitolio Way,San Luis Obispo,93401,California,35.2567674,-120.6445067,https://www.datacentermap.com/usa/california/san-luis-obispo/level3-san-luis-obispo1/
5461,Lumen San Luis Obispo 2,Lumen,Colocation,254 Granada Drive,San Luis Obispo,93401,California,35.2516942,-120.6674506,https://www.datacentermap.com/usa/california/san-luis-obispo/level3-san-luis-obispo2/
601,Modesto City Tower,"Ayera Technologies, Inc.",Colocation,801 Tenth Street,Modesto,95354,California,37.638732,-120.998752,https://www.datacentermap.com/usa/california/modesto/ayera-city-tower/
5386,Lumen Modesto,Lumen,Colocation,1224 13th Street,Modesto,95354,California,37.645314,-121.0003818,https://www.datacentermap.com/usa/california/modesto/level3-modesto/
986,200 North Nash Street (LAX11),Digital Realty,Colocation,200 North Nash Street,El Segundo,90245,California,33.91773,-118.386525,https://www.datacentermap.com/usa/california/el-segundo/200-north-nash-street/
1040,Equinix LA4,Equinix,Colocation,445 N Douglas St,El Segundo,90245,California,33.9216329,-118.3840239,https://www.datacentermap.com/usa/california/el-segundo/equinix-el-segundo/
9640,Evocative LAX10,Evocative Data Centers,Colocation,2260 E El Segundo Blvd,El Segundo,90245,California,33.9156634,-118.38472,https://www.datacentermap.com/usa/california/el-segundo/evocative-lax10/
2748,AISO Solar Powered Data Center,AISO.Net,Colocation,25655 Louisa Lane,Romoland,92585,California,33.748108,-117.152151,https://www.datacentermap.com/usa/california/riverside/aisonet/
13986,Cogent Data Center - Palm Springs,"Cogent Communications, Inc.",Colocation,3601 N Indian Canyon Dr,Palm Springs,92262,California,33.8626098,-116.545928,https://www.datacentermap.com/usa/california/riverside/cogent-data-center-palm-springs/
588,Acorn Technology Services Data Center,Acorn Technology Services,Colocation,1960 Chicago Ave,Riverside,92507,California,33.993821,-117.347245,https://www.datacentermap.com/usa/california/riverside/marquisnet-riverside/
5442,Lumen Riverside 1,Lumen,Colocation,1550 Malborough Avenue,Riverside,92507,California,33.996958,-117.345705,https://www.datacentermap.com/usa/california/riverside/level3-riverside1/
1790,Lumen Emeryville 1,Lumen,Colocation,5000 Hollis Street,Emeryville,94608,California,37.835026,-122.286697,https://www.datacentermap.com/usa/california/emeryville/level3-5000-hollis/
1470,Lumen Oakland,Lumen,Colocation,1313 53rd Street,Emeryville,94608,California,37.836074,-122.287463,https://www.datacentermap.com/usa/california/emeryville/level3-oakland/
1007,3015 Winona Avenue (BUR10),Digital Realty,Colocation,3015 Winona Avenue,Burbank,91504,California,34.199474,-118.343964,https://www.datacentermap.com/usa/california/burbank/3015-winona-avenue/
2236,Impulse Goleta,Impulse Advanced Communications,Colocation,6144 Calle Real #200,Goleta,93117,California,34.4398876,-119.8348866,https://www.datacentermap.com/usa/california/goleta/goleta/
2021,Got.Net Santa Cruz,Got.Net,Colocation,303 Potrero St,Santa Cruz,95060,California,36.9821667,-122.0309843,https://www.datacentermap.com/usa/california/santa-cruz/gotnet/
13405,CalEthos Campus Site 2,"CalEthos, Inc.",Campus,W Sinclair Rd / E Hoober Rd,Calipatria,92233,California,33.172883,-115.531097,https://www.datacentermap.com/usa/california/el-centro/calethos-campus-site-2/
13399,CalEthos Campus Site 1,"CalEthos, Inc.",Campus,Hwy 111 & W Sinclair Road / E Hoober Rd,Calipatria,92233,California,33.172897,-115.52351,https://www.datacentermap.com/usa/california/el-centro/calethos-campus-site-1/
13409,CalEthos Site 2 - Building 4,"CalEthos, Inc.",Colocation,W Sinclair Rd,Calipatria,92233,California,33.175684,-115.533236,https://www.datacentermap.com/usa/california/el-centro/calethos-site-2-building-4/
13400,CalEthos Site 1 - Building 1,"CalEthos, Inc.",Colocation,Hwy 111 & E Hoober Rd,Calipatria,92233,California,33.169966,-115.521122,https://www.datacentermap.com/usa/california/el-centro/calethos-site-1-building-1/
13410,CalEthos Site 2 - Building 5,"CalEthos, Inc.",Colocation,W Sinclair Rd,Calipatria,92233,California,33.174775,-115.528657,https://www.datacentermap.com/usa/california/el-centro/calethos-site-2-building-5/
13402,CalEthos Site 1 - Building 3,"CalEthos, Inc.",Colocation,Hwy 111,Calipatria,92233,California,33.173859,-115.521122,https://www.datacentermap.com/usa/california/el-centro/calethos-site-1-building-3/
13408,CalEthos Site 2 - Building 3,"CalEthos, Inc.",Colocation,W Sinclair Rd,Calipatria,92233,California,33.173812,-115.533268,https://www.datacentermap.com/usa/california/el-centro/calethos-site-2-building-3/
13403,CalEthos Site 1 - Building 4,"CalEthos, Inc.",Colocation,Hwy 111 & W Sinclair Rd,Calipatria,92233,California,33.175724,-115.521158,https://www.datacentermap.com/usa/california/el-centro/calethos-site-1-building-4/
13406,CalEthos Site 2 - Building 1,"CalEthos, Inc.",Colocation,E Hoober Rd,Calipatria,92233,California,33.169935,-115.53319,https://www.datacentermap.com/usa/california/el-centro/calethos-site-2-building-1/
13407,CalEthos Site 2 - Building 2,"CalEthos, Inc.",Colocation,E Hoober Rd,Calipatria,92233,California,33.171876,-115.533262,https://www.datacentermap.com/usa/california/el-centro/calethos-site-2-building-2/
13404,CalEthos Site 1 - Building 5,"CalEthos, Inc.",Colocation,W Sinclair Rd,Calipatria,92233,California,33.174909,-115.525862,https://www.datacentermap.com/usa/california/el-centro/calethos-site-1-building-5/
13401,CalEthos Site 1 - Building 2,"CalEthos, Inc.",Colocation,Hwy 111,Calipatria,92233,California,33.171979,-115.521122,https://www.datacentermap.com/usa/california/el-centro/calethos-site-1-building-2/
12769,Cogent Data Center - Livermore,"Cogent Communications, Inc.",Colocation,8851 Manning Rd,Livermore,94551,California,37.7581321,-121.7982028,https://www.datacentermap.com/usa/california/hayward/cogent-data-center-livermore/
14013,STACK Infrastructure SVY03A,STACK INFRASTRUCTURE,Colocation,26203 Production Ave,Hayward,94545,California,37.6271174,-122.1191572,https://www.datacentermap.com/usa/california/hayward/stack-infrastructure-svy03a/
9498,Lumen Hayward 1,Lumen,Colocation,23965 Connecticut St,Hayward,94545,California,37.6384934,-122.1299872,https://www.datacentermap.com/usa/california/hayward/lumen-hayward-1/
11011,AT&T Hayward,AT&T Inc.,Colocation,221 W Winton Ave,Hayward,94544,California,37.66000243696476,-122.0969221441577,https://www.datacentermap.com/usa/california/hayward/att-hayward/
10374,Cogent Data Center - Stockton,"Cogent Communications, Inc.",Colocation,3807 Coronado Ave,Stockton,95204,California,37.9876188,-121.2887067,https://www.datacentermap.com/usa/california/stockton/cogent-data-center-stockton/
11447,Nautilus Stockton,Nautilus Data Technologies,Colocation,1002 Embarcadero,Stockton,95203,California,37.96522046144173,-121.3685587045894,https://www.datacentermap.com/usa/california/stockton/nautilus-stockton/
11769,Rowan Matterhorn,Rowan Digital Infrastructure,Colocation,19900 Byron Rd,Tracy,95391,California,37.79625437573112,-121.5547446388748,https://www.datacentermap.com/usa/california/stockton/rowan-matterhorn/
1384,Lumen Bakersfield 2,Lumen,Colocation,1430 Truxtun Ave,Bakersfield,93301,California,35.373399,-119.017953,https://www.datacentermap.com/usa/california/bakersfield/twtc-bakersfield/
5288,Lumen Bakerfield 1,Lumen,Colocation,2020 P. Street,Bakersfield,93311,California,35.37783,-119.011412,https://www.datacentermap.com/usa/california/bakersfield/level3-bakerfield1/
2237,Impulse Santa Barbara,Impulse Advanced Communications,Colocation,104 W Anapamu St,Santa Barbara,93101,California,34.4223644,-119.7062586,https://www.datacentermap.com/usa/california/santa-barbara/santa-barbara/
5462,Lumen Santa Barbara,Lumen,Colocation,122 Helena Ave,Santa Barbara,92101,California,34.414414,-119.690154,https://www.datacentermap.com/usa/california/santa-barbara/level3-santa-barbara/
8980,Centersquare - Los Angeles LAX4-A,Centersquare,Colocation,2301 W 120th St,Hawthorne,90250,California,33.92448928740774,-118.3210578715873,https://www.datacentermap.com/usa/california/hawthorne/evoque-hawthorne-lax1/
5374,Lumen Manchester 1,Lumen,Colocation,19700 State Hwy,Manchester,95459,California,38.9699164,-123.6869288,https://www.datacentermap.com/usa/california/manchester-ca/level3-manchester1/
5449,Lumen San Bernardino,Lumen,Colocation,5705 Industrial Parkway,San Bernardino,92407,California,34.1842015,-117.3544382,https://www.datacentermap.com/usa/california/san-bernardino/level3-san-bernardino/
