id,name,type,address,city,postal,state,lat,lon,profile_url,meta_power_totalmw,meta_power_ups_redundancy,meta_power_cooling_redundancy,meta_power_standby_redundancy,meta_building_floors,meta_building_floor_load,meta_building_area_building,meta_building_rooftop_access,meta_building_area_whitespace,meta_building_year_operational,meta_capacity_mw_builtout,meta_capacity_buildingsize,meta_capacity_mw_referenced,meta_capacity_whitespace_builtout,meta_capacity_whitespace_referenced,meta_security_cctv,meta_security_staff,meta_security_guards,meta_security_keycard,meta_security_biometric,meta_amenities_meetmeroom,meta_standards_pci,meta_standards_soc2,meta_standards_soc3,meta_standards_hipaa,meta_standards_iso27001,meta_standards_nist80053,meta_standards_usgbc_leed,meta_standards_tier_designed,meta_security_mantrap,meta_security_firesupression,meta_security_firesupression_text,meta_amenities_loadingbay,meta_amenities_officespace,meta_amenities_conferenceroom,meta_standards_soc1,meta_standards_isae3402,meta_building_expandable,meta_building_construction,meta_building_tenancy_text,meta_standards_sas70,meta_standards_ssae16,meta_standards_tier_certified,meta_power_pue,meta_power_billing,meta_power_kw_rack,meta_power_renewable,meta_building_floor_type,meta_building_year_upgraded,meta_building_ceiling_height,meta_security_controlled_perimeter,meta_amenities_wifi,meta_amenities_breakroom,meta_amenities_crashcarts,meta_amenities_parking_text,meta_power_cooling_text,meta_power_standby_text,meta_amenities_loanertools,meta_standards_fisma,meta_standards_iso9001,meta_standards_iso22301,meta_standards_iso50001,meta_building_area_plot,meta_power_kw_area,meta_capacity_mw_live,meta_standards_fedramp,meta_standards_ssae18
968,600 West 7th Street (LAX10),Colocation,600 West 7th Street,Los Angeles,90017,California,34.047322,-118.2574494,https://www.datacentermap.com/usa/california/los-angeles/600-west-7th-street/,9,2N,N+1,N+1,7,125,490000,1.0,70300,1934,9,490000.0,9,70300.0,70300.0,1.0,"Yes, 24/7","Yes, 24/7",1.0,1.0,1.0,2,2,2,0,1,0,3,3,,,,,,,,,,,,,,,,,,,,,,,,,,,,,,,,,,,,,,
768,2260 E El Segundo Blvd (LAX12),Colocation,2260 East El Segundo Boulevard,El Segundo,90245,California,33.9156347,-118.3846072,https://www.datacentermap.com/usa/california/los-angeles/2260-e-el-segundo/,7.1,N+1,N+1,N+1,2,150,132000,1.0,66800,1979,7.1,132000.0,7.1,66800.0,66800.0,1.0,,"Yes, 24/7",1.0,1.0,1.0,2,2,2,,1,,,3,,,,,,,,,,,,,,,,,,,,,,,,,,,,,,,,,,,,,,
8859,Centersquare - Los Angeles LAX5-A,Colocation,2681 Kelvin Ave,Irvine,92614,California,33.6846747,-117.8368209,https://www.datacentermap.com/usa/california/los-angeles/evoque-lax2/,15,N+1,N,N+1,,,150000,,66500,,15,150000.0,15,66500.0,66500.0,1.0,,"Yes, 24/7",1.0,1.0,,2,2,1,,1,,,3,1.0,1.0,VESDA smoke detection; Data Center Areas: Pre-action dry pipe,1.0,1.0,1.0,2,2,,,,,,,,,,,,,,,,,,,,,,,,,,,,,,
6386,Hivelocity - Los Angeles 2,Colocation,600 W. 7th St,Los Angeles,90017,California,34.047322,-118.2574494,https://www.datacentermap.com/usa/california/los-angeles/la2/,,2N,N+1,N+1,,,,1.0,,2000,10,,10,490000.0,490000.0,1.0,,"Yes, 24/7",1.0,1.0,0.0,2,2,,1,,,,4,,1.0,Dual interlock dry pipe fire suppression with VESDA,,,,2,,1.0,Retrofitted,Multi-tenant (data centers only),2,2,4.0,,,,,,,,,,,,,,,,,,,,,,,,
5420,Hivelocity - Los Angeles 1,Colocation,624 S Grand Ave,Los Angeles,90017,California,34.047966,-118.25557,https://www.datacentermap.com/usa/california/los-angeles/rackalley-la1/,,2N,N+1,N+1,,,,,,,,,,,,1.0,,"Yes, 24/7",1.0,1.0,0.0,2,2,,1,,,,,1.0,1.0,Dual interlock dry pipe fire suppression with VESDA,,,,2,,,,,,2,,,,,,,,,,,,,,,,,,,,,,,,,
2046,Colocation America LADC3,Colocation,600 W. 7th St,Los Angeles,90017,California,34.047308,-118.257093,https://www.datacentermap.com/usa/california/los-angeles/colocation-america-600w-7th/,27,,N+1,,,,500000,,67000,,27,500000.0,27,67000.0,67000.0,1.0,,"Yes, 24/7",,,0.0,2,,,1,,,,3,,,,,,,,,,,,2,,3.0,,,,,,,,,,,,,,,,,,,,,,,,
929,West 7 Center,Building,1200 West 7th Street,Los Angeles,90017,California,34.051484,-118.265757,https://www.datacentermap.com/usa/california/los-angeles/the-garland-building/,16.9,N+1,N+2,N+1,3,2000,375000,1.0,150000,2016,16.9,375000.0,16.9,150000.0,150000.0,1.0,"Yes, 24/7","Yes, 24/7",1.0,1.0,1.0,,,,,,,,3,,1.0,,1.0,1.0,1.0,,,1.0,Retrofitted,Multi-tenant (data centers only),,,,1.25,Per kWh,16,No,Mixed,2023.0,16.0,1.0,1.0,1.0,1.0,Yes,,,,,,,,,,,,
1048,Equinix LA2,Colocation,818 W 7th Street,Los Angeles,90017,California,34.0488973,-118.2595846,https://www.datacentermap.com/usa/california/los-angeles/equinix-los-angeles2/,,2N,N+1,N+1,8,125,,,13820,,,,,13820.0,13820.0,1.0,"Yes, 24/7","Yes, 24/7",,1.0,,2,2,,1,1,1,,,1.0,,"Double-interlocked, pre-action (dry pipe)",,,1.0,2,,,,,,,,,,,,Solid Floor,,,,1.0,1.0,1.0,Adjacent to building (no fee),Air-cooled chillers and CRAC units,"2 x 1,250 kW diesel generators",1.0,1,0,1,1,,,,,
9598,Prime Los Angeles,Colocation,4701 S Santa Fe Ave,Vernon,90058,California,34.0011773,-118.2309309,https://www.datacentermap.com/usa/california/los-angeles/prime-los-angeles/,33,N+1,N+1,N+1,3,,242495,,110310,2024,33,242495.0,33,110310.0,110310.0,1.0,"Yes, 24/7","Yes, 24/7",1.0,1.0,1.0,,2,,,1,,,3,1.0,1.0,,1.0,1.0,1.0,,,,Purpose-built,Multi-tenant (data centers only),,,,1.25,,,,Solid Floor,,,1.0,1.0,1.0,1.0,Yes,,,1.0,,,,,84942.0,,,,
3948,One Wilshire,Building,624 South Grand Avenue,Los Angeles,90017,California,34.047966,-118.25557,https://www.datacentermap.com/usa/california/los-angeles/one-wilshire-building/,32,,,,30,,662000,,,1966,32,662000.0,32,,,,,"Yes, 24/7",,,1.0,,,,,,,,,,,,,1.0,,,,,,,,,,,,,,,,,,,,,,,10 on site diesel powered generators,,,,,,,,,,
2060,Colocation America LADC4,Colocation,530 W. 6th St,Los Angeles,90017,California,34.048282,-118.254504,https://www.datacentermap.com/usa/california/los-angeles/colocation-america-telecom-center/,,,N+1,,13,,,,,,,,,,,1.0,,"Yes, 24/7",1.0,1.0,0.0,2,,,1,,,,3,,,,,,,,,,,,2,,3.0,,,,,,,,,,,,,,,,,,,,,0.15,,,
1674,Cogent Data Center - Los Angeles,Colocation,530 W 6th St,Los Angeles,90017,California,34.048282,-118.254504,https://www.datacentermap.com/usa/california/los-angeles/cogent-los-angeles/,,,,,,,,,8400,,0.5,,0.5,8400.0,8400.0,1.0,,,,1.0,,,,,,,,,,,,,,,,,,,,,,,,,,,,,,,,1.0,,,,,,,,,,,,,0.5,,
713,Converge Technology Solutions Data Center,Colocation,30077 Agoura Ct,Agoura Hills,91301,California,34.145228,-118.776969,https://www.datacentermap.com/usa/california/los-angeles/is-west-agoura-ct/,1,,,,,,,1.0,6000,2006,1,,1,6000.0,6000.0,,,No,,,1.0,,,,1,,,,3,,,,,,,,,,Purpose-built,Multi-tenant (mixed use),,,,,,,,,,,,,,,,,,,,,,,,5,,,
3730,Cogent Data Center - Pasadena,Colocation,2947  Bradley Street,Pasadena,91107,California,34.167484,-118.088075,https://www.datacentermap.com/usa/california/los-angeles/cogent-pasadena/,,,,,,,,,48627,,2.7,,2.7,48627.0,48627.0,1.0,,,1.0,,,,,,,,,,,,,,,,,,,,,,,,,,,,,,,,,1.0,,,,,,,,,,,,,2.7,,
2090,Colocation America LADC5,Colocation,650 S. Grand Ave,Los Angeles,90017,California,34.048721,-118.255266,https://www.datacentermap.com/usa/california/los-angeles/colocation-america-quinby/,,Undefined,Undefined,Undefined,,,,0.0,,,,,,,,0.0,,Undefined,0.0,0.0,0.0,2,,,1,,,,3,0.0,0.0,,,,,,,,,,2,2,3.0,,,,,,,,,,,,,,,,,,,,,,,,
2045,Colocation America LADC2,Colocation,707 Wilshire Blvd,Los Angeles,90017,California,34.049227,-118.256979,https://www.datacentermap.com/usa/california/los-angeles/colocation-america-aon-center/,,,,2N+2,,,,0.0,,,,,,,,1.0,,"Yes, 24/7",1.0,1.0,0.0,2,,,1,,,,3,,,,,,,,,,,,2,,3.0,,,,,,,,,,,,,,,,,,,,,,,,
1619,Alchemy Downtown Data Center,Colocation,1200 West 7th Street,Los Angeles,90017,California,34.051077,-118.2658418,https://www.datacentermap.com/usa/california/los-angeles/downtown-data-center/,,,,,,,22000,,21764,,,22000.0,,21764.0,21764.0,1.0,"Yes, 24/7",,1.0,1.0,,,2,,,,,,,,,,,,,,,,,,,,,,,,,,,,,,,,,,,,,,,,,,,,
9052,Equinix LA7,Colocation,1501 Francisco Street,Torrance,90501,California,33.85071,-118.30411,https://www.datacentermap.com/usa/california/los-angeles/equinix-la7/,,N+1,N+2,2N+1,1,250,,,74981,,,,,74981.0,74981.0,1.0,,"Yes, 24/7",,1.0,,2,2,,1,1,1,,,1.0,,Non-aspirated (duct/ceiling-mount)/doubleinterlocked pre-action (dry pipe),,,1.0,2,,,,,,,,,,,,Raised Floor,,,,1.0,1.0,1.0,Adjacent to the building (no charge),,,1.0,1,,1,1,,,,,
9051,Equinix LA3,Colocation,1920 E Maple Ave,El Segundo,90245,California,33.92608,-118.39412,https://www.datacentermap.com/usa/california/los-angeles/equinix-la3/,,N+1,N+1,N+1,1,250,,,78318,,,,,78318.0,78318.0,1.0,,"Yes, 24/7",,1.0,,2,2,,1,1,1,,,1.0,,"Double-interlocked, pre-action (dry pipe)",,,1.0,2,,,,,,,,,,,,Raised Floor,,,,1.0,1.0,1.0,Adjacent to the building (no charge),,,1.0,1,,1,1,,,,,
3582,Serverfarm LAX1,Colocation,444 North Nash Street,El Segundo,90245,California,33.921778,-118.38632,https://www.datacentermap.com/usa/california/los-angeles/t5-el-segundo/,,,N+1,,,,117500,,60000,,22,117500.0,22,60000.0,60000.0,1.0,,"Yes, 24/7",,,,1,2,,1,1,1,,,,,,,,,,,,,,,,,1.3,,,,,,,,,,,,,,,,,,,,0.2,,,
3762,Evocative LAX14,Colocation,3690 Redondo Beach Avenue,Redondo Beach,90278,California,33.889081,-118.368877,https://www.datacentermap.com/usa/california/los-angeles/internap-los-angeles/,7.5,,,,,,104000,,24345,,7.5,104000.0,7.5,24345.0,24345.0,1.0,"Yes, 24/7","Yes, 24/7",,,,1,2,1,1,,,,,,,,,,,,,,,,,,,,,,,Mixed,,,,,,,,,,,,,,,,,,,
11611,UnitedLayer Los Angeles,Colocation,624 S Grand Ave,Los Angeles,90017,California,34.0479477,-118.2553576,https://www.datacentermap.com/usa/california/los-angeles/unitedlayer-los-angeles/,2,,N+1,,,,,,664248,,2,,2,664248.0,664248.0,,,,,,1.0,1,2,,1,1,1,,3,,1.0,"Dual-interlock, dry-pipe pre-action fire suppression system",,,,,,,,,,2,,,,,,,,,,,,,,,,,,,,,,,,0,
1027,CoreSite One Wilshire (LA1),Colocation,624 South Grand Avenue,Los Angeles,90017,California,34.049464,-118.254579,https://www.datacentermap.com/usa/california/los-angeles/one-wilshire/,,,,,,,,1.0,173000,,,,,173000.0,173000.0,,,"Yes, 24/7",,,1.0,1,,,1,1,,,,,,,,,,,,,Retrofitted,,,,,,,,,,,,,,,,,,,,,,,,,,,,
1035,CoreSite Los Angeles (LA2),Colocation,900 North Alameda,Los Angeles,90017,California,34.058656,-118.236954,https://www.datacentermap.com/usa/california/los-angeles/wilshire-annex/,,,,,,,424000,1.0,,,,424000.0,,,,,,"Yes, 24/7",,,,1,,,1,1,,,,,,,,,,,,,Retrofitted,,,,,,,,,,,,,,,,,,,,,,,,,,,,
1507,Equinix LA1,Colocation,600 West 7th Street,Los Angeles,90017,California,34.051484,-118.265757,https://www.datacentermap.com/usa/california/los-angeles/switch-data-los-angeles/,,N+1,N+1,N+1,7,100,,,60719,,,,,60719.0,60719.0,1.0,,"Yes, 24/7",,1.0,,2,2,,1,1,1,,,1.0,,"Double-interlocked, pre-action (dry pipe) deployed in two-zone configuration",,,1.0,2,,,,,,,,,,,,Solid Floor,,,,1.0,1.0,1.0,Adjacent to the building (no charge),,,1.0,1,,1,1,,,,,
4926,Xfernet Data Center,Colocation,3250 Wilshire Blvd,Koreatown,90010,California,34.0613935,-118.2931958,https://www.datacentermap.com/usa/california/los-angeles/xfernet-data-center/,,,,,,,,1.0,10000,1998,,,,10000.0,10000.0,1.0,,"Yes, 24/7",1.0,,,1,2,,1,,,,3,,1.0,"pre-action, dry-pipe, fire suppression system",,,,,,,,,2,,,,amp,,,,,,,,,,,,,,,,,,,,,,
5050,Psychz Los Angeles,Colocation,700 Wilshire Blvd,Los Angeles,90017,California,34.04867,-118.257536,https://www.datacentermap.com/usa/california/los-angeles/psla-data-center/,,,,,,,,,,,,,,,,,,,,,,,,,,,,,,,,,,,,,,,,,,,,,,,,,,,,,,,,,,,,,,,,,,,
7091,Evocative LAX2,Colocation,600 W 7th Street,Los Angeles,90017,California,34.04725468212268,-118.257372379303,https://www.datacentermap.com/usa/california/los-angeles/la2-los-angles-evocative-dc/,27,N+1,N+1,N+1,,,30000,,,,27,30000.0,27,,,1.0,"Yes, 24/7","Yes, 24/7",,,,1,2,1,1,,,,,,,,,,,,,,,,,,,,,,,,,,,,,,,,,,,,,,,,,,
7610,ColoCrossing LA1,Colocation,1200 W 7th Street,Los Angeles,90017,California,34.0511103,-118.2659241,https://www.datacentermap.com/usa/california/los-angeles/colocrossing-la1/,,2N,N+1,,,,,,50000,,,,,50000.0,50000.0,1.0,,"Yes, 24/7",1.0,1.0,,,,,,,,,,,,,,,,,,,,,,,,,,,,,,,,,,,,,,,,,,,,,,,
7794,Cogent Data Center - La Mirada,Colocation,16680 Valley View Avenue,La Mirada,90638,California,33.87975939558614,-118.0267133828582,https://www.datacentermap.com/usa/california/los-angeles/cogent-la-mirada/,,,,,,,,,16500,,2.2,,2.2,16500.0,16500.0,1.0,,,1.0,,,,,,,,,,,,,,,,,,,,,,,,,,,,,,,,,1.0,,,,,,,,,,,,,2.2,,
1560,TELEHOUSE Los Angeles Center,Colocation,626 Wilshire Boulevard,Los Angeles,90017,California,34.048138,-118.256277,https://www.datacentermap.com/usa/california/los-angeles/telehouse-los-angeles/,0.665,N+1,,,,,,,,1998,0.665,,0.665,,,1.0,,"Yes, 24/7",1.0,1.0,1.0,,,,,,,,,,1.0,pre-action sprinklers,,,,,,,,,,,,,,,,,,,,,,,,,,,,,,,,,,,
1602,Crown Castle Los Angeles LA1,Colocation,624 S Grand Ave,Los Angeles,90017,California,34.051484,-118.265757,https://www.datacentermap.com/usa/california/los-angeles/ix2-networks/,1,,,,,,,,18400,1998,1,,1,18400.0,18400.0,,,"Yes, 24/7",1.0,,1.0,,,,,,,,,,1.0, pre-action water fire suppression system,,,,,,1.0,Purpose-built,,2,2,,,,,,,,,,,,,,,,,,,,,,,,,
2553,QuadraNet Los Angeles,Colocation,530 W. 6th St.,Los Angeles,90014,California,34.048282,-118.254504,https://www.datacentermap.com/usa/california/los-angeles/quadranet-los-angeles/,,,,,,,,,,,,,,,,,,,,,,,,,,,,,,,,,,,,,,,,,,,,,,,,,,,,,,,,,,,,,,,,,,,
3661,Centersquare - Los Angeles LAX2,Colocation,3015 Winona Avenue,Burbank,91504,California,34.19985587540762,-118.3438038825989,https://www.datacentermap.com/usa/california/los-angeles/cyxtera-lax2a/,2,2N,2N,N+1,,,90000,,15357,,2,90000.0,2,15357.0,15357.0,1.0,,,1.0,1.0,,2,2,,,1,1,,,1.0,1.0,Pre-action dry pipe sprinkler system,,1.0,1.0,2,2,,,,,,,,,,,,,,,1.0,1.0,1.0,,,,,,,,,,,,,1
3298,One Data Center Ontario,Colocation,350 S Milliken Ave,Ontario,91761,California,34.060043,-117.559722,https://www.datacentermap.com/usa/california/los-angeles/ontario-datacenter/,,,N+1,,,,,1.0,,,,,,,,1.0,,"Yes, 24/7",1.0,,,,,,,,,,,,,,,,,,,,,,,,,,,,,,,,,,,,,,,,,,,,,,,,
2774,Subrigo - 650 South Grand,Colocation,650 South Grand Avenue,Los Angeles,90017,California,34.048721,-118.255266,https://www.datacentermap.com/usa/california/los-angeles/downtown-colo-corporation/,2,,,,,,,1.0,6000,1998,2,,2,6000.0,6000.0,,,"Yes, 24/7",,,1.0,,,,,,,,,,,,,,,,,1.0,,Multi-tenant (data centers only),,,,,,,,,,,,,,,,,,,,,,,,,,,
1675,Crown Castle Los Angeles LA2,Colocation,609 W 7th St,Los Angeles,90017,California,34.048282,-118.254504,https://www.datacentermap.com/usa/california/los-angeles/ix2-networks-530-w-6th/,1,,,,,,,,6491,2005,1,,1,6491.0,6491.0,,,"Yes, 24/7",1.0,,1.0,,,,,,,,,,1.0, pre-action water fire suppression system,,,,,,,,,2,2,,,,,,,,,,,,,,,,,,,,,,,,,
2047,Aon Center,Building,707 Wilshire Boulevard,Los Angeles,90017,California,34.049227,-118.256979,https://www.datacentermap.com/usa/california/los-angeles/aon-center-la/,,,,,62,,1028852,,,1973,,1028852.0,,,,,,,,,,,,,,,,3,,,,,,,,,,,,,,,,,,,,,,,,,,,,,,,,,,,,,,,
9985,Colocation America LADC1,Colocation,624 South Grand Avenue,Los Angeles,90017,California,34.0479477,-118.2553576,https://www.datacentermap.com/usa/california/los-angeles/colocation-america-ladc1/,,2N,N+1,2N,,,,1.0,,,,,,,,1.0,,"Yes, 24/7",1.0,1.0,1.0,,,,,,,,,1.0,1.0,Double interlock pre-action sprinkler system,,,,,,,,,,2,,,,,,,,,,,,,,,,,,,,,,,,,
7944,CoreSite Los Angeles (LA3),Colocation,260 Bauchet St.,Los Angeles,90012,California,34.0593156,-118.2354621,https://www.datacentermap.com/usa/california/los-angeles/coresite-los-angeles-la3/,,,,,,,150000,1.0,,,,150000.0,,,,,,"Yes, 24/7",,,,1,,,1,1,,,,,,,,,,,,,Purpose-built,,,,,,,,,,,,,,,,,,,,,,,,,,,,
4456,365 Data Centers - Los Angeles 1,Colocation,600 W 7th St.,Los Angeles,90017,California,34.047336,-118.257447,https://www.datacentermap.com/usa/california/los-angeles/inforelay-lax1/,,,,,,,,,,,,,,,,,,,,,1.0,,,,,,,,,,,,,,,,,,,,2,,,,,,,,,,,,,,,,,,,,,,,,,,
742,Vernon Data Center,Colocation,5001 S. Soto Street,Vernon,90058,California,33.9985878,-118.2217903,https://www.datacentermap.com/usa/california/los-angeles/vernon-data-center/,52,,,,,,300000,,,2008,52,300000.0,52,,,1.0,"Yes, 24/7","Yes, 24/7",,,,,,,,,,,,,1.0,,,,,,,,,,,,,,,,,,,,,,,,,,,,,,,,,,,,
795,Alchemy LAX Data Center,Colocation,6171 West Century Blvd,Los Angeles,90045,California,33.945606,-118.393274,https://www.datacentermap.com/usa/california/los-angeles/lax-datacenter/,,,,,,,,,,,,,,,,1.0,,,,,,,2,,,,,,,,,,,,,,,,,,,,,,,,,,,,,,,,,,,,,,,,,,,,
1829,Edge Centres EC101 Los Angeles,Colocation,707 Wilshire Blvd.,Los Angeles,90017,California,34.0524433,-118.2535977,https://www.datacentermap.com/usa/california/los-angeles/multacom/,,,,,,,,,,,,,,,,1.0,,"Yes, 24/7",1.0,1.0,,2,2,,1,,,,,,1.0,FM-200 fire suppression,,,,,,,,,,2,,1.1,,4,,,,,,,,,,,,,,,,,,,,,
5032,Crown Castle Los Angeles LA3,Colocation,530 W 6th St,Los Angeles,90017,California,34.0484512,-118.2545799,https://www.datacentermap.com/usa/california/los-angeles/wilcon/,,,,,,,,,3388,2009,,,,3388.0,3388.0,,,"Yes, 24/7",1.0,,,,,,,,,,,,1.0, pre-action water fire suppression system,,,,,,,,,2,2,,,,,,,,,,,,,,,,,,,,,,,,,
3136,DataBank - 707 Wilshire Blvd,Colocation,707 Wilshire Blvd,Los Angeles,90017,California,34.049261,-118.257024,https://www.datacentermap.com/usa/california/los-angeles/zcolo-707-wilshireblvd/,,,,,,,,,,,,,,,,,,,,,,,,,,,,,,,,,,,,,,,,,,,,,,,,,,,,,,,,,,,,,,,,,,,
5095,One Data Center America,Colocation,3833 Ebony St,Ontario,91761,California,34.0668909,-117.5682629,https://www.datacentermap.com/usa/california/los-angeles/datacenter-america/,,,N+1,,,,,,,,,,,,,1.0,,"Yes, 24/7",1.0,,,,,,,,,,,,,,,,,,,,,,,,,,,,,,,,,,,,,,,,,,,,,,,,
1128,Aptum Los Angeles,Colocation,360 E 2nd Street,Los Angeles,90017,California,34.047304,-118.256599,https://www.datacentermap.com/usa/california/los-angeles/peer-1-los-angeles/,,,,,,,,,,,,,,,,,,,,,,,,,,,,,,,,,,,,,,,,,,,,,,,,,,,,,,,,,,,,,,,,,,,
743,818 West 7th Street,Building,818 West 7th Street,Los Angeles,90017,California,34.049028,-118.259272,https://www.datacentermap.com/usa/california/los-angeles/818-west-7th-street/,,,,,12,,405768,1.0,,1925,,405768.0,,,,,,,,,,,,,,,,,,,,,,,,,,,,,,,,,,,,,,,,,,,,,,,,,,,,,,,
4463,365 Data Centers - Los Angeles 3,Colocation,900 N. Alameda St,Los Angeles,90012,California,34.0580987,-118.2366037,https://www.datacentermap.com/usa/california/los-angeles/inforelay-lax3/,,,,,,,,,,,,,,,,,,,,,,,,,,,,,,,,,,,,,,,,,,,,,,,,,,,,,,,,,,,,,,,,,,,
4462,365 Data Centers - Los Angeles 2,Colocation,624 South Grand Ave,Los Angeles,90017,California,34.047966,-118.25557,https://www.datacentermap.com/usa/california/los-angeles/inforelay-lax2/,,,,,,,,,,,,,,,,,,,,,,,,,,,,,,,,,,,,,,,,,,,,,,,,,,,,,,,,,,,,,,,,,,,
1478,Lumen Los Angeles,Colocation,818 W. 7th Street,Los Angeles,90017,California,34.049028,-118.259272,https://www.datacentermap.com/usa/california/los-angeles/level-3-los-angeles/,,,,,,,,,,,,,,,,,,,,,,,,,,,,,,,,,,,,,,,,,,,,,,,,,,,,,,,,,,,,,,,,,,,
930,Quinby Building,Building,650 South Grand Avenue,Los Angeles,90017,California,34.0473943,-118.2562446,https://www.datacentermap.com/usa/california/los-angeles/quinby-building/,,,,,14,,76760,,32965,1913,,76760.0,,32965.0,32965.0,,,,,,,,,,,,,,,,,,,,,,,,,,,,,,,,,,,,,,,,,,,,,,,,,,,,
7579,Long Beach Data Center,Colocation,3910 E 7th St,Long Beach,90804,California,33.77503987781369,-118.1464901086273,https://www.datacentermap.com/usa/california/los-angeles/long-beach-data-center/,,,,,,,,,,,,,,,,,,,,,,,,,,,,,,,,,,,,,,,,,,,,,,,,,,,,,,,,,,,,,,,,,,,
7415,Hostrunway Los Angeles,Colocation,900 N Alameda St #200,Los Angeles,90012,California,34.0581509,-118.2354169,https://www.datacentermap.com/usa/california/los-angeles/hostrunway-naud/,,,,,,,,,,,,,,,,,,,,,,,,,,,,,,,,,,,,,,,,,,,,,,,,,,,,,,,,,,,,,,,,,,,
7807,611 Wilshire,Colocation,611 Wilshire Blvd,Los Angeles,90017,California,34.0482016993191,-118.256031850669,https://www.datacentermap.com/usa/california/los-angeles/611-wilshire/,,,,,,,,,,,,,,,,,,,,,,,,,,,,,,,,,,,,,,,,,,,,,,,,,,,,,,,,,,,,,,,,,,,
6925,IHNetworks Datacenter (SFV1),Colocation,20339 Nordhoff Street,Chatsworth,91311,California,34.2325166,-118.5771849,https://www.datacentermap.com/usa/california/los-angeles/ihnetworks-datacenter/,,,,,,,,,,,,,,,,,,,,,,,,,,,,,,,,,,,,,,,,,,,,,,,,,,,,,,,,,,,,,,,,,,,
939,Telecom Center LA,Building,530 West 6th Street,Los Angeles,90017,California,34.048282,-118.254504,https://www.datacentermap.com/usa/california/los-angeles/telecom-center-la/,,,,,,,,,,,,,,,,,,,,,,,,,,,,,,,,,,,,,,,,,,,,,,,,,,,,,,,,,,,,,,,,,,,
5863,NocRoom Los Angeles Colocation,Colocation,530 W 6th Street Penthouse,Los Angeles,90014,California,34.0483496,-118.2551371,https://www.datacentermap.com/usa/california/los-angeles/nocroom-los-angeles-colocation/,,,,,,,,,,,,,,,,,,,,,,,,,,,,,,,,,,,,,,,,,,,,,,,,,,,,,,,,,,,,,,,,,,,
6380,China Telecom One Wilshire,Colocation,624 S Grand Ave,Los Angeles,90017,California,34.0479077,-118.2555364,https://www.datacentermap.com/usa/california/los-angeles/one-wilshire3/,,N+1,N+1,N+1,,,,,,,,,,,,,,,,,,,,,,,,,,,,,,,,,,,,,,,,,,,,,,,,,,,,,,,,,,,,,,,
1612,WebNX Los Angeles,Colocation,530 W 6th St,Los Angeles,90017,California,34.0481869,-118.2548902,https://www.datacentermap.com/usa/california/los-angeles/webnx-lax/,,N+1,N+1,N+1,,,,,,,,,,,,,,,,,,,2,,,,1,,,,,,,,,2,,,,,,,,,,,,,,,,,,,,,,,1,,,,,,,,
4563,Subrigo - 624 South Grand,Colocation,624 South Grand Avenue,Los Angeles,90017,California,34.047966,-118.25557,https://www.datacentermap.com/usa/california/los-angeles/downtown-colo-624/,,,,,,,,,,,,,,,,,,,,,,,,,,,,,,,,,,,,,,,,,,,,,,,,,,,,,,,,,,,,,,,,,,,
