county_fips,availability_score
01001,82.45071229516849
01009,72.92603548243223
01017,84.71532807151038
01021,97.84544784612038
01033,71.48769937914996
01045,71.4879456457623
01051,98.68819223261087
01065,86.51152093729362
01079,67.95788421097572
01083,83.13840065378947
01099,68.04873460781306
01107,68.01405369644614
01121,78.62943407349051
02050,46.30079633013303
02105,49.12623251230451
02122,66.5656870613854
02150,59.80753319498364
02164,79.71370998892911
02180,61.37963886718183
02188,53.81544447997062
02198,96.98473153382331
05141,71.61335549270197
05145,76.01292307031886
06005,53.62877720679815
06021,66.83425913212226
06033,76.66383884564799
06043,57.73509633866546
06055,80.63547027518509
06089,65.99041965121792
06099,70.62459375310085
06115,65.97440081655904
08003,100.0
08013,74.79754162893099
08014,59.1343360656615
08025,87.33817368154783
08031,56.68734525043467
08035,78.13295392507133
08047,45.60494814180337
12083,55.07720926652354
12087,77.95291853803685
12095,86.07699869993115
12111,77.57052421784955
12119,73.2652757641764
12125,70.48344456616067
13001,52.82217014448859
13013,64.20233687407936
13029,68.09041843560318
13043,90.85683339328374
13055,80.15427434352692
13059,48.55439766955899
13071,79.86125954092192
13079,69.22376579375525
13091,64.84616999541062
13107,84.17514433261302
13113,90.46499283743927
13123,88.96920178674299
08053,62.411737151660425
08057,70.36181436223178
08059,79.96895147105346
08073,89.63317690683539
08083,67.81238643232065
08095,72.21511535004274
08105,58.40497538990958
08111,57.05690063878994
08123,87.18788733591298
09015,95.34360042856234
12001,73.91984817629499
12013,90.05299346838036
12023,80.42454037571451
12039,65.32320368092313
12055,80.4209340826262
12059,98.07054849698955
12073,74.46260941335073
02261,98.46965483721009
02270,35.703823438653835
04003,87.32853756562835
04013,76.30570602357257
05001,70.51488974301198
05009,76.37641164803253
05019,45.18646628098661
05029,71.70492168243732
05043,80.35668857267619
05051,97.16841067112274
05061,67.22594672589528
05071,62.87259595660218
05085,67.47364434623195
05097,88.73103176553111
05101,79.93126664489526
05111,67.05359694349441
05123,82.69901149670034
05129,76.4561632402206
13309,89.52967485799334
13313,64.46920359183972
13319,70.08506780103347
15009,69.11837770301763
16015,53.04727577801822
16021,79.44180415596864
16045,78.91582908269834
16051,75.07670184963692
16057,71.4811929993728
16067,53.769438869243785
16081,68.69032015851961
17005,69.85928225209845
17009,62.96584096167572
17019,72.58071432500986
17029,81.06076285221808
17035,100.0
17049,77.61866719247759
17055,78.86325586084146
17065,73.8833112635075
18051,46.21843177051438
18059,74.60229186826174
18069,75.90345314911539
18079,100.0
18085,72.11458552828316
18095,79.52321013500419
18105,74.47932345442135
18115,57.46982943570702
18125,92.14234221772531
18131,86.27899549030161
18139,86.8654792056457
18153,61.35918817807892
18173,96.04191466404149
18179,53.97223405811579
18183,83.80285640700406
19009,100.0
19017,60.14195512303967
19021,66.50553405595842
19031,76.49477047631461
19039,67.44786518825701
17073,51.74004853400801
17077,76.0284446220904
17079,59.065444294108424
17089,82.10388645952773
17103,61.20863648649295
17107,98.2490160752631
17121,63.251200614956446
17129,70.16907725691486
17139,87.20275826054505
17145,56.53703525349067
17155,78.41189901906193
17169,94.60714131423642
17175,50.88775148158159
17179,77.76950787798457
17189,78.89824191372635
17203,86.72734307665965
18009,56.44573933682877
18011,55.193150803735854
18021,82.82912348425346
18033,79.45477009849779
13125,78.75739275518815
13129,80.19672314245464
13131,64.79962917632264
13139,78.48380545741506
13157,79.39608709948021
13169,64.28472872960448
13175,100.0
13187,82.10749381367681
13197,57.13044754196027
13201,84.84830412950744
13217,60.37977494659018
13225,86.80626905613678
13233,92.37893368511106
13243,62.68976522472434
13253,89.45064193866483
13265,81.19171390404748
13277,87.33090239991735
13285,100.0
13293,71.31917825995694
13303,63.693957534637654
20027,61.65728355561715
20029,62.762845725518424
20039,73.84347435878844
20049,80.11727962224965
20065,79.15036198995028
20075,87.40774873554035
20085,75.1950283781686
20095,96.80301115735975
20105,71.03014750143066
20115,100.0
20127,84.3850102164751
20135,62.14263665375576
20145,58.93661252908331
20155,82.23708622864778
20163,71.64805822011223
20173,85.71000741138138
20185,82.09856436860318
20195,73.9075663101469
20203,62.29809422897392
20205,52.27729162971203
21183,68.30227571899468
21187,87.84598191485209
21189,78.21140616195306
21199,56.31391831932018
21209,77.59771388776772
21219,80.77976069593255
21229,61.74213845698301
22001,77.30587658918292
22013,75.87313077669
22033,57.85544553254066
22053,80.36681040522424
22073,83.41176789552351
22077,91.24576864762915
22089,90.80703078052355
22105,54.33495948064363
22115,60.93262440127316
21003,82.7255290081299
21009,82.70678926368313
21017,82.72571529459071
21025,100.0
21031,83.5633576603975
21043,92.03348460270898
21053,89.31002645239803
21063,84.77086876958697
21077,70.27096133039481
21087,86.38453830739901
21099,63.40762178193642
21103,71.44772089889986
21115,67.71954678256346
21121,76.22811209079484
21137,100.0
21143,46.991022111123776
21151,85.2939028556177
21157,50.80926193215522
21169,67.92102201315849
21175,91.33425895451049
19045,75.96420028643195
19047,58.83382833106041
19055,64.27044436110047
19063,85.19396623402014
19067,64.04450052424295
19079,78.24687884372962
19087,75.6835775985572
19095,65.22599478591275
19105,100.0
19113,84.50878533477017
19121,44.622861200135894
19125,77.79681472154141
19137,65.07320302847418
19141,87.78650002194335
19151,63.11218892350949
19161,73.27895337799652
19169,82.57480918470685
19175,87.98632791255183
19181,56.99555389416336
19195,69.98248146238578
20005,67.87582033258566
20015,65.20006151139432
27073,100.0
27083,81.07472566441433
27085,56.08674068497432
27093,88.76792920582164
27103,100.0
27113,90.4869789082672
27121,52.2094505106898
27127,67.73648890700623
27147,94.00366723779933
27153,64.38495801571828
27161,81.65729142219342
28003,86.61951080144006
28013,61.09604292632876
28017,74.10711965907299
28029,26.38098989896391
28037,59.63418537998565
28049,71.2114777291026
28061,56.28325227052726
28065,99.48616955897452
28075,53.54787933059051
22121,68.39933269954524
22127,76.96110865929137
23009,96.61909933599173
23029,53.46206773230841
24001,92.4474562823244
24003,75.1534959152938
24009,60.27737023428074
24017,81.93155211394907
24019,77.98589543360205
24029,65.99674684261808
24035,76.04703127485028
24037,69.2202960470736
24039,76.70276017876871
24041,84.93196011781569
25011,98.79025224218029
26009,56.43276751759726
26015,100.0
26023,45.71868300716247
26035,72.72322357446625
26037,83.82475809726864
26045,79.2148780160255
26057,65.65950720269109
26061,71.87816624464087
26073,67.6049859801175
26077,66.15952864583683
26083,87.74403145531538
26085,80.35523228947571
26091,64.60635607109019
26097,88.49399813149876
26103,79.60949281314915
26107,87.1929317825844
26111,84.44443262885419
26117,62.56507483616891
26123,66.59728439704546
26133,86.20940407684893
26143,84.15555398150197
26155,74.68647609053778
26161,76.75991074963173
26165,94.16497343682637
27009,66.12642916746255
27019,83.20646071755057
27029,71.9671102134916
27039,71.7347819515917
27051,91.48165277980786
27057,87.38124523482045
27067,87.20264454000957
29097,94.58218210731494
29103,75.31505762449139
29109,85.22929456942445
29117,70.34599865109816
29131,79.86249528732664
29137,73.04785418448473
29151,76.45493947489078
29159,83.92735538155371
29169,62.726689751497915
29179,100.0
29195,59.90973927750447
29205,56.787170808184015
29211,92.37166310250102
29221,86.87494040944404
29229,84.36179725578232
30013,84.4251826389642
30037,74.81629840729629
30043,61.54118442771253
31121,76.1370683729059
31125,64.84257432731833
31135,89.62679600126627
31137,72.79413927746792
31147,62.61754204811233
31159,70.1792123752051
31163,81.19397181413437
31171,66.54413170794038
31183,62.66669406650353
32009,78.65530817237868
32021,78.67449856663085
32033,67.39585236943306
34007,67.93442541572516
34015,78.48074906036454
34031,53.27873487754014
35001,53.88804338435167
35006,64.22333668121345
30051,71.7982927243223
30059,79.66361348397007
30069,97.13034325424329
30093,87.86489434803029
30099,72.60092205054859
30107,74.71475688145966
31003,59.96205953043287
31009,74.72230296011415
31023,70.67012041619793
31035,79.84077840507135
31037,62.59153584671515
31047,82.79019771361759
31053,97.99108369503867
31063,73.36859777314713
31073,81.02567583148412
31085,85.35215987566669
31093,68.98169292171245
31097,78.36138722715626
31117,75.18888601172692
28079,76.46514147823248
28083,63.404853242168
28095,75.36765261388415
28099,82.46997436868175
28103,96.76715411692562
28115,89.3890623912781
28117,100.0
28127,63.489786556679256
28139,88.08480955081018
28151,77.75013008607527
29001,100.0
29009,62.87552571967273
29021,62.40417236728836
29033,66.00911031833967
29043,43.141564135352894
29053,67.11367467478858
29065,63.61301007669453
29075,77.25590679714311
29085,80.12633963665739
37001,100.0
37005,89.25635757279075
37017,66.34644516506395
37021,61.52377992977463
37027,82.37878757259759
37055,55.196501894690364
37057,100.0
37067,92.69160181081931
37081,67.96236521842943
37091,49.30298206363683
37103,95.3080856124812
37117,73.28190232121074
37127,93.56724467960193
37141,51.08358511808449
37151,66.0093746556934
37165,75.07865549577275
37167,75.70470890647113
39055,68.24901792781135
39063,84.34274898521248
39065,58.98569355926109
39075,72.8643077246806
39089,76.80443447567848
39097,82.71658251088124
39109,85.67422317133334
39121,58.130368622431966
39131,51.98828743896566
39143,94.16515232847763
39147,79.98471017969388
39159,63.7727019516517
39169,98.26727963283784
39173,76.73511951439288
40009,92.6894577609574
40019,76.01277722115164
40031,100.0
40043,100.0
40053,71.2655377728139
37181,89.57356426431534
37191,84.68063924377721
37197,95.52947336298523
38007,60.52614809129843
38019,85.29077189997659
38031,90.87636730274382
38035,48.618907703653285
38045,57.25112231001337
38061,44.41151733359849
38073,70.95889748333164
38079,85.76313383693943
38091,97.53535578144042
38103,76.11142170629662
39003,99.42923318356938
39015,54.29847812677663
39027,49.44926340967268
39039,74.16678451655072
39047,80.76098173408961
35015,74.5095787785886
35027,43.98836849940185
35028,73.66319940730817
35045,55.4329574924272
35053,85.04508823245058
36003,80.49897369145272
36021,60.90180320508967
36037,67.2919962399496
36043,59.11179717166573
36057,74.05981354090243
36069,89.32713480751858
36083,60.21410930496685
36095,82.56069773276766
36109,67.04613572441339
36121,63.10690751606484
36123,73.39454460068163
42013,59.471365163709386
42015,66.69526041979226
42021,57.03183161116727
42031,100.0
42047,75.52895327957593
42063,64.50411738011123
42069,78.20969866101333
42087,73.31507925463755
42093,71.68545600700166
42105,84.21250050065137
42113,86.36261565070957
42123,67.04248278584208
45005,66.3627263903298
45009,70.87422454272534
45027,40.471182528966224
45039,52.27213406702172
47005,95.50311401166786
47007,99.67451570251926
47013,71.26445940665432
47027,83.6483544458365
47031,79.66875231815304
47045,100.0
47057,91.79362367151865
47069,73.0812361277885
47081,60.666893390993614
47093,50.903305196136415
47105,78.05195453800835
47117,63.65473882073545
47129,53.666194356034886
47139,65.3014067363621
47151,58.77677994578407
47173,100.0
47179,88.22459635424175
45049,74.88041038025074
45053,97.19916208335039
45075,76.16052461471428
45081,62.08073698007605
46003,97.84686115904486
46007,83.08365065526988
46017,59.441307685103155
46029,72.14491982874588
46035,61.86572619922864
46043,54.25800403553495
46055,88.89266321297463
46061,100.0
46087,54.02148639271288
46095,83.44453855035856
46103,65.24036146317259
46111,67.69311924352955
46125,66.11409113641696
46137,62.04013845480276
40059,75.7278244191724
40063,62.535748253834434
40073,79.05685238669759
40081,74.24642835826295
40087,71.41577929700385
40097,61.386545069376034
40109,66.34843004147501
40123,86.33086838738635
40127,82.51375781436572
40147,60.33667132802174
40153,76.48998458143839
41017,86.27080685057683
41031,49.95892078317942
41037,83.15040288569902
41053,65.0606436158123
41069,83.5589800288974
42005,63.55111265186225
48357,47.92676849003222
48359,50.58686343175256
48367,75.72127419992073
48379,78.89583752582223
48381,61.43525062343387
48393,84.57888688166061
48397,50.0771990659656
48411,74.00880302029024
48425,56.834757003563155
48429,65.22245838296762
48433,75.71098006974621
48445,62.09379952074072
48449,69.23166683655262
48459,90.0943921382166
48463,66.34662195715276
48475,87.53538168097712
48491,58.05439718013573
48497,82.94706266872925
48507,96.6235293098685
49011,37.92533249809066
47185,63.04657116794285
47189,83.6560819077081
48009,71.9543192093551
48011,80.56718810056964
48021,65.94022219926269
48031,76.2988468120935
48047,72.66484146911881
48053,92.5167309248971
48063,78.8163126495182
48069,80.06403993112804
48079,68.821845508163
48095,67.6859066389126
48099,68.51162718270568
48103,80.91678213567445
48115,68.68523278769605
48123,79.34662285344619
48127,100.0
48137,88.06687055147539
48149,70.10964701748239
48159,93.01820883245917
48169,68.87886940467673
48177,44.428131972332196
48179,59.87870533623894
48185,46.938121184612164
48191,69.72729773938038
48195,75.27627568784328
48217,100.0
48227,79.90391060646245
48233,71.71349206786704
48247,87.44108371775233
48251,41.832970364881724
48263,78.53421837162848
48265,86.5629779083045
48275,52.821206313302376
48283,92.15631064810394
48297,80.07744611241621
48303,68.77068129148797
48309,84.49172799159427
48319,100.0
48329,77.72799382587743
48339,78.72330879450504
48349,68.10958650689633
48353,62.25233445802812
51121,87.45503724816368
51125,62.15874261136699
51141,76.07349355829089
51145,67.83513829852325
51155,82.18469738619588
51157,80.00493157930423
51173,90.56309916386849
51187,67.3497540171788
51197,70.95187597059943
51510,60.31854426326539
51530,68.33560109885833
51540,80.65950739567278
51595,86.35482924968028
51660,61.16752013733562
51670,88.0440888015849
51760,95.33456788207427
51775,81.20152354835551
51820,100.0
53013,63.39316201344641
53021,56.33017945032874
55029,48.319196266435824
55033,97.44066467233775
55039,84.81548484531086
55045,74.16622993634317
55063,79.19952939479731
55069,58.11766429052435
55073,100.0
55081,76.93831772962841
55095,76.64092191907339
55103,85.88649935848038
55115,82.2151384760507
55129,78.35826036418698
55141,63.142883168320324
56025,82.07202535703993
56031,100.0
56033,95.18130069232467
56045,98.89779939959097
72013,67.33176485353222
53041,60.15592769612129
53045,73.11319619850528
53065,75.83587368433042
54001,91.41287277706422
54007,49.61303055427771
54013,97.94325479190921
54021,72.62988152131516
54039,68.5967839507887
54049,59.81843437109748
54061,50.177149922013456
54079,87.34755875942872
54089,76.09976950782605
54101,55.65058650388419
55003,55.57381841904576
55005,69.96322951064808
55007,100.0
55017,71.10612972954593
55025,52.45285570322841
49029,71.31385403871084
49031,70.90914645378494
49035,34.546700355876425
49051,74.18557700223282
50005,71.53598204686983
50019,85.44309547220128
51007,100.0
51017,91.89847544321636
51029,70.96666964167754
51043,58.40211136887495
51047,100.0
51063,75.88827651021732
51075,75.2089393786942
51101,74.63812369334995
51111,77.97127141151783
51113,72.83459382114086
01023,66.39506989679646
01025,66.79711588139412
01029,74.50870094676003
01031,66.84862843299352
01037,64.30731325984253
01047,76.59645341537845
01055,71.17534173868717
01059,97.55989482874033
01061,35.23545287410482
01067,91.37260277883692
01071,93.69127788746444
01081,43.89914651387776
01085,69.85968608879477
01087,69.42838701006313
01089,53.88732457923268
02070,63.33274968613687
02110,58.34136231801257
02130,100.0
02185,89.03517589721191
02195,94.07332642491238
02220,85.82508096064852
02230,58.06422343174157
05143,67.1321960058034
05147,82.34061841841877
06003,56.66808286662082
06007,85.69497645258582
01093,71.39511902762797
01095,69.37768788675604
01097,85.66439952305238
01101,81.6639496722906
01117,69.5855075127138
01119,92.38994705046372
01125,58.78405008600154
01131,84.23903410416396
02020,83.89651886952575
02068,70.35680341029014
72019,79.89199533363177
72025,56.23329635422045
72031,88.86040528810352
72045,72.22646795335517
72054,67.1591546922144
72061,90.73513838755333
72069,64.43484464185862
72083,53.873080554546604
72093,51.65056239714144
72105,84.0901492701846
72115,55.793559712555755
72129,100.0
72135,43.77105888174417
72145,100.0
01007,78.16526200803928
01011,73.54930332194411
01015,66.82621369786575
06045,80.98704171528107
06049,74.43547946362727
06051,91.54952823024783
06057,76.71341472993059
06059,77.25452642192816
06065,69.54581681679217
06069,74.14581564418398
06073,79.6170265333809
06075,49.34747411015062
06113,54.77721866841431
08001,86.14896141034072
08007,77.56298157191912
08009,72.24024995470981
08015,75.27650899598089
08017,80.21372558042506
08021,66.90360479535958
08023,63.32542911896531
08029,77.93767882646522
08037,60.32440833577452
08043,81.12379133571707
06081,49.46124593643239
06083,90.43733455988466
06087,82.08896223619564
06095,78.84044601470814
06101,89.74036475918271
06103,99.98211666693865
06109,90.21555097527195
06009,47.38688653002532
06013,55.806345498964475
06015,65.62772133456481
02013,75.3913657531625
13149,82.76488530703685
20059,64.11384280269802
06025,77.80150146715617
06029,63.66925601470016
06031,65.82723295512078
06039,53.900083547276665
13067,61.151501308336435
13069,54.724730915754996
13073,60.36190120534001
13077,90.80462694911759
13081,60.759016667520854
13087,100.0
13093,82.39976851321333
13095,77.77254185542311
13101,62.1246332972818
13103,85.50464819113486
13109,66.36543260643339
13115,76.83014721968043
13119,100.0
08061,73.55910150413025
08063,92.23909989428513
08069,64.45235362311169
12089,74.47517264254557
12091,100.0
12097,65.5954941331835
12099,100.0
12101,85.61627903183214
12107,66.56299836158598
12109,84.48611608583282
12113,89.58831674440094
12115,84.32714943325794
12117,51.446629201643155
12127,64.09294236262697
12131,71.28722046672743
13003,73.8834985634993
13005,84.31008146326018
13009,77.66551501399881
13015,54.96983461934848
13023,80.70296776508945
13025,84.15878617925735
13031,83.3968567189656
13037,91.21171088331933
13049,87.50883231823356
13053,81.88770118842655
13057,73.94751432812029
13063,50.08558599726014
09013,81.44427328698879
10005,78.11531530744666
11001,79.0736825579306
12003,55.84877136269535
12005,58.784151893876064
12011,90.79729279999356
12015,74.40667269215018
12071,85.22251046058936
12079,75.42477564195688
12081,75.44634209243615
02275,89.07425708963997
08085,67.25932907673939
12017,76.44181165411476
12029,68.06587066942436
12031,68.48255658851527
12041,70.36241814797042
12043,78.3320065745057
12045,67.81877067504784
12049,93.83634188360281
12051,61.580890466707444
12053,72.19692533757961
12061,68.40403412588738
12063,96.704668265306
12069,77.94832164767362
08075,90.47766809202952
08077,52.71659440444542
08081,79.00575398803888
08087,88.34446193435156
08091,76.23425983913137
08097,90.98220562598027
08103,67.24067324849442
08109,96.1402116027837
08119,100.0
08121,69.55742159340511
08125,68.31746217898842
09003,96.80076715676552
09007,98.69358218596068
05015,67.15709959270097
05017,68.69719774356214
05025,70.7732308670924
05027,54.833242334485846
05033,61.220220802737025
05045,59.93788849871898
05047,63.483036523438074
05053,74.47972668919829
05059,78.5132209880478
05067,98.25750739221115
05073,60.024689388918134
05081,89.76483597714876
05083,71.79016733661737
05087,74.2580443552135
15001,85.12229238249905
15007,58.15916967656552
16001,80.73614619276076
16003,77.49678312319584
16009,82.38676896012223
16017,79.33752965861727
16019,100.0
05089,65.43390023623026
05091,67.03504567497274
05093,65.65289210362853
05099,66.66784321259618
05103,65.43919309040223
05113,92.83524796661328
05115,96.30756371984782
05121,66.43880559375786
05133,62.51466640343657
05137,82.07123334579606
13317,66.71665433578542
13321,84.49397726633266
04005,78.04384531276949
04009,52.26383827504152
04011,98.21257801995093
04012,100.0
04017,65.80816964273421
04021,69.18447660096024
04023,79.28798086087357
04027,80.01685184980538
05003,84.87816409009245
05013,100.0
16071,72.34579158758926
16077,63.02554133192319
16079,54.31021157978209
16083,64.03604940087122
17003,74.50309540689304
17007,100.0
17011,67.23583051445743
17015,78.35681927458347
17023,74.75365655890872
17033,92.82589910172126
17037,100.0
17041,67.03696840619519
17043,67.65840836222667
18117,90.66241315603608
18121,85.22837234439467
18127,100.0
18135,83.75892277988946
18137,69.61061863819411
18141,83.85982246038463
18149,91.63055370874362
18151,87.30723271796046
18159,82.60911046660947
18161,91.00012034383731
18167,92.5394338566851
18169,95.7323848655629
18175,84.73064831384464
18181,72.49322879524719
19001,77.20070529649985
17047,93.09763449762535
17051,62.74596493519146
17053,80.53009963309351
17057,69.09991781508958
17063,75.43117234402226
18055,94.17677793910948
18057,77.86648602029855
18065,75.69654822234223
18067,54.60215788530121
18071,86.19380349040831
18077,84.68226271711613
18087,100.0
18091,70.38332647570499
18097,78.28725491495908
18101,78.74075525566133
18103,98.66179919645212
18109,73.57056701419572
16023,79.18532288655508
16025,84.11844764574809
16029,77.79913684734537
16033,68.30349578174207
16041,77.91134989347461
16043,91.10447624789659
16047,59.602270508834096
16053,76.99454511220314
16055,64.4981877759124
16061,92.92569943387264
16065,52.15219642824338
16069,66.61617229092617
18007,80.65817812596781
18013,98.4828604385151
18015,74.01374608390519
18019,66.67200709960203
18025,100.0
18031,53.27979149375634
18035,42.017910650698774
18045,81.60021675079999
13137,67.46918663471084
13141,59.681507743039305
13147,85.6253467094903
13155,78.65701070656799
13159,66.53882053894907
13165,55.795434019936586
13171,88.08685992420217
13173,84.75301766937991
20091,73.51236204330925
20097,100.0
20099,58.94872850510771
20103,52.117122436128916
20109,64.62137895178134
20113,74.31620975466754
20119,78.65009173984038
20125,71.38145913215506
20131,80.28083094771445
20141,56.22690863714334
20143,96.65646906109889
20157,73.76773232411146
20165,91.75943747382192
20167,80.14088019566556
20171,81.85129828730676
20177,83.54650920348305
22057,81.71562840025972
22061,84.64084139801317
22063,94.93728795198648
22069,77.94781754552206
22075,85.63505636382769
22079,73.6539645856916
22081,96.6017582317421
22085,64.85411546911095
21111,100.0
21113,74.39763074033485
21123,53.53837346822928
21129,76.92156622366184
21135,64.78422513787679
21139,87.60965323483086
21145,65.21064031046413
21153,68.3072485017783
21159,46.65688903581704
21167,68.21540521126384
21171,38.64181010056565
21173,51.24145764771415
21179,86.40621984216446
19053,86.78700237976248
18003,81.38186342677447
13181,60.495357853061805
19061,74.2843296578703
19069,74.94596191364147
19075,57.62452966211187
19077,97.55097452650726
19089,88.16043435863507
19093,71.68553739255503
19101,75.40328758491796
19103,78.12574211921329
19107,44.37397697363564
19111,71.29233926219105
19127,64.77023628003302
19129,59.975699851576266
19135,70.78349560671067
19139,100.0
19145,84.61264291900515
20181,66.43231515325805
19153,83.58874172034238
19155,95.99033154879004
19159,88.86950524369153
19163,75.89445554880261
19171,65.2959483344164
19177,85.47334970420386
19183,80.90228078132624
19189,88.42789830041599
19193,84.52757702522955
20003,90.74329072979003
20009,66.97147182659148
20017,94.76091098451488
20019,77.963994070386
13211,100.0
27081,64.66218272865648
27089,100.0
27091,77.96866175193972
27095,65.22872994578327
27097,67.74171248918518
27099,70.1947903770852
27105,81.36248919602875
27109,82.8425323205325
27111,66.39449994092132
27115,74.63468111608526
27117,100.0
27119,100.0
27129,81.54485504511048
27133,75.570052172523
19059,76.80046990077392
27141,84.20276959095625
27145,59.658111522023916
27149,71.13935193864982
27157,49.97123889183615
27163,80.98834683907918
27171,84.70793909554112
28005,67.75220306550939
28009,98.60980144935048
28011,56.613515054964886
28015,53.0343767968527
28021,78.36677727839958
28031,90.70647453918232
28039,100.0
19149,68.1167360569659
28045,91.18021250146944
28051,74.42237295748939
28053,72.41059050088771
28059,88.25489906230008
28067,84.78484317620129
28073,51.35411764523626
23007,97.14810524588843
13215,95.70137031221178
13239,65.61655947735706
27077,80.93705300156114
45031,82.41045279424108
45035,78.9101064873586
45037,66.7454226923187
47011,64.92564948092922
47017,74.61668893512832
47021,92.59093528889046
47025,83.15400231891648
47033,69.44078501870841
47035,86.57548065972517
47041,32.27186069054887
47047,92.23148550558155
47049,48.904293318328506
47059,69.56338587895301
47061,58.20495158060784
27137,55.57977786418642
23015,92.41240181067779
23021,67.98448198032163
23023,80.19755822596073
23031,74.29619131681224
28041,82.15561240834683
31149,76.15232836590383
31151,55.755116637171454
31155,89.9440022917071
31161,67.59365125258032
31169,51.651271520103734
31173,68.57827258551131
31181,97.51139685951466
32005,87.7533261317024
32007,69.7702179838821
32013,69.76113443522357
32017,70.17547423173926
32023,100.0
23011,80.7290317834733
39105,81.45062470786604
39107,90.45425181047763
39117,78.5818373853977
39119,71.11436781268945
39125,72.05475226372532
39129,73.92598110878905
39133,74.44166645235238
39135,85.9144431545547
39139,75.77918828710949
39141,85.98960115823368
39149,73.78925129837127
39151,76.17952785474137
39157,45.026989732018386
39161,88.74491512053721
47065,80.19732713846989
47067,89.97015164789478
47071,31.55616932709466
47077,100.0
47083,72.9061555776724
47087,91.62274225106275
47095,59.401411093117034
47101,84.19160857593855
47107,59.198766552395156
47109,65.64346558956292
47111,100.0
47119,72.1397639885498
47125,78.26149309769585
47135,88.05101596033131
47137,82.43522831958907
24011,77.25628357715364
24013,80.47441503699338
24021,100.0
24023,74.13571804449622
24031,78.01648570072452
24033,90.75981594011418
24043,91.58288899436975
32031,92.8054545834057
32510,84.58095333043777
33003,57.854926309042746
33009,99.50147298451644
33015,57.804819104719684
33019,79.5395319785855
34003,63.68586224970963
34009,74.0379248011051
34013,79.93143615455222
39167,79.8203582317541
39171,81.32881131352927
39175,99.20566903587971
40003,81.8030145227097
40011,71.33765047064027
40013,89.46130752432536
40017,92.8420573338696
40025,56.58588277294511
40029,83.96100104774787
40035,85.51759113466348
40039,70.53654744960012
40045,95.6356021996743
40049,72.7491661945121
40055,76.88364680207314
37193,72.40392263574195
47141,75.23368571372201
48045,58.55587369657197
48049,53.39923676108558
48055,98.91757594837458
48061,62.295579775225086
48065,60.129114758155396
48067,42.699148295944276
48073,65.41557378465747
48077,55.153653098887524
48081,99.63022740204553
48085,90.1472563401395
48087,64.67774482233415
48091,100.0
24047,89.72648230487391
25007,70.12752924737066
25013,37.50891427689641
25015,100.0
25017,54.15641299854606
34017,50.31901879564662
34019,90.3385564801446
34021,100.0
34029,95.76409227765777
34033,83.4586368007854
34035,83.92131512497929
34041,87.80123338170462
35007,86.38392884680148
30055,79.21787135954064
30057,76.56301655927814
37195,74.06110308150717
37199,63.690531166999854
38005,70.78987384699839
38009,49.605647787069216
38017,73.52490559807875
38027,60.17113339273624
38029,58.44616024176343
38037,77.69841226730217
38039,95.880034295169
38043,88.7747490900347
38047,51.44249094565234
38053,60.15557795144494
38059,89.11156781982324
38063,60.26268909692536
47001,71.63050275004463
47003,83.25078148536828
40065,60.47483317704547
40071,76.5806325921894
40083,54.989617576226934
40085,65.9794853407318
40091,79.79672901213806
40099,51.10509399702496
40101,81.60712106940599
40107,74.70543301609978
40111,83.28734931625722
40117,78.35871201096992
40119,95.46210644960766
40125,76.87836753971861
25021,68.5589168831212
25023,76.83446254548426
26003,83.14947043554582
26005,75.73290105488556
26007,75.60887536805824
30063,64.47012468289867
30065,65.05648623673578
30071,53.9609209230046
30077,100.0
30083,56.34205146913072
30087,64.60642203306139
30091,64.22389101646203
30097,88.42386565416662
30101,70.57575482561958
38065,93.716131090106
38067,64.89764063634198
38071,79.18491243335703
38075,62.46979420110364
38081,100.0
38089,57.18602371455731
38093,79.64731065340541
38097,84.50665321398148
38101,81.20698646177247
39001,72.22068511683437
39005,73.05268950399861
39011,75.65717207968665
39013,72.79496997557267
39017,89.45818675192365
39019,100.0
42003,66.63762322488249
42007,54.45295530631383
48361,73.67576927473118
48369,100.0
48383,62.944881480454036
48385,99.58675208166102
48387,100.0
48395,66.69617637438009
48399,83.53474618777913
48403,99.42594934692806
48415,69.3130838851877
48417,71.94629459846458
48419,66.27478629077035
48423,59.778649039607
48427,65.2608368240099
48431,56.64089599856615
26017,75.51125202388839
26019,63.45040153412038
26021,78.50678867686122
26027,51.66156530694559
26031,79.96320348321686
26033,87.50293442413387
30109,45.09396536142817
31007,80.61084854771359
31011,93.41503488709938
31013,56.85538471963192
31019,100.0
31025,81.28528514049067
31029,64.42482216362387
31033,74.16346383513441
31039,83.37490368782584
31045,76.14008087118617
31051,83.08133988669553
31057,61.18989610380951
31071,77.54041236054117
31075,53.7942825464253
39023,73.33160907976949
39025,61.44138537802815
39029,63.9670508611535
39033,93.54139762815656
39037,91.36965180891403
39041,84.13707181360766
39043,58.61530852991132
39049,70.25387325457797
35019,93.19646549968775
35021,77.12575370459857
35025,100.0
35033,80.89976759091557
35039,77.88073674735047
47143,70.36325303696248
47147,77.00311357173423
47149,72.71295245429185
47155,85.62163015032885
47161,89.35053475191876
47167,63.21015809238076
47175,55.03150569663333
47177,47.45691940345055
45055,82.61986990368815
45061,58.449500907391894
45065,42.706641105712755
45071,80.82867906796446
45073,100.0
26041,74.9089363269016
26043,87.57736161677462
26047,76.22744037821347
26051,73.51665520213287
26065,88.78614724481653
26069,70.64588183717024
17131,79.01088471107855
13191,79.8254670929402
31079,64.97864319535427
31081,89.88063524304785
31083,72.37560364956887
31087,63.66382260760733
31099,83.04764765355606
31101,61.52298027313444
31105,75.42271736053692
31109,74.86321505033695
31115,91.28843348747367
31119,82.12047349319928
28091,74.62459561882284
28097,87.26649448800431
28101,95.8531132352597
28109,83.36715459527794
28119,75.15528929765071
28121,55.32245651474761
28129,59.02329505386941
35041,70.42162943467999
35043,65.85731696761076
35049,72.19543045521831
35057,75.8497488734566
35061,82.94539131535096
36007,73.94251832911362
36011,82.29752465739303
36013,75.9671162221518
36019,45.36800150469193
36027,60.90996909271868
36033,72.83868666417577
36035,56.85457885738339
36039,83.99893094994307
40131,97.96126248515546
40135,93.28142777545975
40137,71.79835693604689
40143,97.36089205274928
40145,77.23001185803167
40149,69.9437104332294
41003,65.79896004688591
41005,70.46295470267808
41011,69.17734772188157
41013,77.55624333563232
41021,77.40860971574797
41027,75.04569030230121
26075,81.55407254619524
26079,92.85969412179512
26081,89.24331203161985
26087,52.726530473251444
26093,36.69118297647068
26095,89.01479866858911
26099,54.496819523768686
26101,71.62851897160975
26115,57.448304609109606
28137,47.970293436299706
28141,83.12194092307182
28143,86.3873274045397
28153,66.35234398909921
28155,36.134365617826354
28157,66.80633327621275
28163,80.8770600810382
29007,52.81632646838807
29017,77.75039879668734
29023,74.77035226240507
29029,83.68937249401633
29035,76.79370552621229
29041,60.40396588677667
29045,92.94857252496737
36041,72.62205640459545
36045,74.59043190735102
36051,61.00098061390206
36055,68.35076623212734
36059,61.727959289596484
36063,72.40580910114865
36071,100.0
36073,54.421482856029655
36075,50.796579031848886
48435,97.06755491240413
48437,71.86014484272201
48441,64.96390892010125
48447,90.59857031094114
48451,65.91576690394704
48453,100.0
48457,85.16888807008904
48467,67.68132887781447
48469,100.0
48477,65.91427615494992
48483,86.13143058013961
48485,79.48938870609737
48489,94.52611934098198
48499,98.42266795090279
49001,75.4800622359865
49007,63.69873194480725
26071,81.89958214408675
26125,64.8342694537184
26131,100.0
26135,77.04802996624106
26145,69.52017673031837
26147,77.77020458797362
26157,54.793105657054554
29047,60.42578942234023
29051,93.00620861916639
29055,65.14658581542906
29057,59.296335259770906
29061,83.04979128790929
29067,92.78556231994496
29073,85.784299659976
29077,89.94071528708724
29079,63.648073671458086
29087,53.67283999887234
37011,97.5200047793323
37013,70.15980241736797
37019,71.23750475317429
37025,94.92291212773587
13223,83.3434501410099
36081,81.83831658122412
36087,100.0
36089,65.34722654429785
36093,88.91760192121856
36099,75.85519687345626
36103,79.02888418294886
36107,97.92702639618797
36117,82.61753634434436
42017,83.07444118574449
42023,91.08761005964703
45079,69.52570905685673
45083,62.41185498991491
45085,59.327862089684494
45089,45.50465115935997
46005,100.0
46011,58.451874514174754
46019,71.68119564621342
46023,70.84780050166619
46033,79.61110046713651
46039,87.23605818808944
46041,87.90710232539618
46045,66.25383842146593
46051,72.49317429320382
46059,79.2386992573245
26159,71.26963310724679
26163,99.1101836402999
27001,82.36462427457377
27003,86.02316679074727
27011,84.94321903001119
27017,92.60210786227988
27025,77.7153233805556
27035,55.5475207806623
27037,80.99531927628962
27041,65.22964659312257
27043,67.07074977375365
27045,83.7954602813264
27053,93.57424607150453
27059,75.31907365104092
37035,79.63249518898445
37037,100.0
37039,78.61129769232852
37041,100.0
37047,83.48264468447316
37059,48.58855861266274
37061,86.30012431656799
37065,80.71737577324167
37069,94.34629131124119
37071,85.09772026904938
37075,72.92316024024339
37077,56.635526455659516
37083,71.86465114070963
37087,62.242193186860504
42027,66.29214825292917
42029,83.82867606630914
42033,100.0
42039,80.92007294734472
42045,57.06175406947224
42049,81.66904002330212
42051,92.94947229968477
42055,65.85325643520926
42061,72.98974249990623
42067,75.22032292093796
42073,63.2265253037664
42079,84.72420650765788
41029,73.18577777088328
41033,81.29298665860541
41039,61.6876173329685
41043,68.43812549514884
41049,85.83572036741657
41051,69.40750271862349
41059,100.0
41065,69.00545721578096
41071,78.37027088627829
27063,88.98886247809635
27065,53.724514006004526
27069,48.58786782028836
29105,52.11515528144858
29111,93.93876155140774
29119,66.7221278116133
29125,100.0
29129,66.53628602013917
29139,77.76826954795555
29141,98.13164928851813
29147,100.0
29153,100.0
29157,93.12549345889714
29161,90.36093788717194
29167,83.88790423801774
37095,86.67541614249957
37099,66.732214255072
37105,62.72701674866539
37111,74.94938313883571
37115,72.44723066212607
37121,68.20157926009087
37129,85.44581171185074
37135,89.32957812855766
37139,76.32610329437772
37143,97.16295121582893
37147,57.87466328799742
37153,72.09510811080423
42085,64.24766519095793
42089,47.0019507439041
42095,73.7597897123595
42101,73.17378737425075
42109,97.70174614863197
42111,84.46217526832166
42115,59.63719763506192
42119,100.0
42121,93.3155054328803
42125,83.73146555202923
42133,71.60273851725252
49009,60.60841144914781
49013,69.4168983589342
49019,91.33122929556279
49023,100.0
48001,98.14865292408284
48013,67.6672586732059
48015,58.20573850066483
48017,77.11329370366806
48023,48.473409516557226
48025,79.84751571277172
48029,72.78596120551997
48033,68.00945247197636
48035,51.07945399099807
48039,82.70400159854574
29171,67.00948740507133
29175,57.45124746434568
29177,31.916066800775262
29181,74.58727642424046
29186,100.0
29187,99.91888821821804
29197,68.14355615120593
29203,65.9668190945733
29207,82.03161384112536
29213,60.02421841217563
29219,79.52687849729199
29225,86.49120417577035
29510,93.40399835826462
30003,73.4976888528007
37159,71.94489374734552
37163,61.830261198651584
37169,62.5967946894021
37175,71.6028166214771
39061,80.51048260224267
39071,88.70376939349875
39077,62.95231573979483
39081,97.39032853439282
39087,70.93314598436147
39093,74.67949058477346
39099,63.79182481278265
39101,38.63639609590587
44001,88.26068094541574
44003,86.0526584563865
44005,70.7800866432268
45001,76.00486075837308
45003,82.73908826556149
45007,51.56181214670186
45017,67.06420983980559
45023,86.9139701943274
45025,56.18565865246126
46063,79.40336898249944
46065,54.65127293064892
46069,81.9964497365029
46075,74.46537776553775
46079,50.77302276141736
46085,92.47109031685757
46093,63.981126348029264
46097,62.84621344478429
46101,78.00853795846415
46113,92.22956024143073
46115,59.762672715324044
46117,75.92519774771958
46121,81.4322475049586
46127,85.39658410894717
30005,77.64662332915837
30009,69.49458241375017
30015,62.5861466902692
30019,76.29215824569562
30023,58.9179148202159
30029,31.17974274758089
30035,81.54839706236501
30041,88.55902261629294
31129,39.55601346687242
31133,59.854039429350934
31141,84.28731391507797
19007,100.0
19011,75.31190561513112
19015,64.07995588156298
19019,72.2565533834274
19023,95.62314628722277
19027,65.31053731313197
19033,63.0121199002462
17081,67.75884716726951
17091,60.70007087611931
17093,76.84005473992194
17099,99.3701768770434
17101,79.84618909674043
17105,71.21469746810568
17109,70.62283096626683
17111,51.552137869550144
17117,88.24664665720738
17125,73.83244204480798
17127,72.29280129614061
13185,100.0
13189,79.48129362548529
13195,63.72313424857224
13199,68.60463605691685
13205,92.22668563795132
13209,76.69905615806647
13213,53.4258303252395
13221,88.78843401862805
13229,64.97783871691509
13231,100.0
13235,91.20072098571973
13241,68.29017156511874
13247,94.21524542602668
13255,76.01783265791104
13257,87.79160512683329
13267,82.27099225941713
13269,62.3046501751369
20183,65.34675251523807
20187,90.44941226371742
20189,69.97837001840189
20197,68.94527305137005
20207,60.673161309759706
21191,81.35398598390192
21193,100.0
21201,58.98700628618591
21205,75.36329185009137
21207,96.18330833123144
21217,73.80537913131427
21221,81.78557694374601
21231,59.0640970777968
21233,81.42460645811472
21237,72.19283602493176
21239,89.78594993519795
22005,92.81079077347127
22091,100.0
22093,83.69449759820364
22097,79.8869447487325
22099,77.91576452366004
22103,69.70250560783967
22113,80.07725765192536
22117,70.56897884791456
21011,77.52691464404421
21013,94.7639630341194
21015,59.90186152080538
21027,92.09817841693568
21029,94.75672601009798
17133,73.22897209513381
17137,43.17217651487108
17141,65.88267019358351
17143,94.45491819841664
17147,74.65697906551677
17153,60.01046651557634
17159,67.42837618157674
17165,87.60930039756829
17167,83.20100352302069
17177,71.41601851245458
17183,69.49763382277968
17191,69.12362776434267
17195,61.163847232522464
17197,99.23063534204162
18001,70.1651929618299
13275,93.25737781238244
13279,97.81974077883677
13281,89.9746634722194
13289,68.52569530922928
13295,81.05595135504915
13301,74.63706590413626
20035,61.44447208904808
20041,79.86538922582405
20047,57.31440313260296
20051,92.81519082692346
20053,68.0307405405241
20057,78.01739483809259
20063,79.24931807319213
20073,71.11642539443883
20077,83.80040702212912
20079,67.87644515066214
20087,88.06945946185866
22011,54.81030479629877
22015,76.89569369319618
22017,100.0
22023,59.995030130916376
22031,64.83382544212722
22035,82.70861774488372
22041,77.69372672909397
22043,80.25945148910338
22049,82.33780695221495
22051,84.52082202842655
22055,91.64549762934335
21035,81.14727985392769
21039,71.38113518072187
21041,85.08860551804096
21045,100.0
21057,73.0104938042614
21065,60.38206042994038
21067,91.60621003930459
21071,73.19428254069602
21079,42.409956809789456
21083,87.71132515725633
21085,66.97007721069116
21091,73.64200076543759
21097,79.97970495853522
21101,77.857495196686
21107,85.6417772570856
48267,68.46770444145236
48271,82.69658697264124
48277,71.10679983624124
48281,86.08215721331254
48285,84.2305122601958
48287,60.968419469331074
48291,91.28973174262548
48293,66.96054832328927
48295,87.12086697421718
48301,80.50930970102011
48305,100.0
48307,71.64801026442221
48317,69.76024805822703
48323,74.708705911684
48327,70.45230325748588
48331,86.99912852913076
48333,50.75534087345118
51800,59.194763712804686
51810,58.9829561763121
51840,89.25461387960364
53001,100.0
53003,73.43326172193792
53005,72.46767415214984
53015,76.05078244669772
53017,92.42817453912285
53019,61.089702987141386
53023,78.57553474102178
53025,89.62796444673644
51600,82.51641254909768
55101,77.84372424898115
55107,90.01569138850712
55111,34.451515605011444
55113,85.16812979296361
55119,65.18886475308864
55123,47.54050654715314
55125,82.66803899287471
55133,95.60487817744436
55139,72.93827228058463
56003,89.29311820804408
56009,99.18417386982968
56017,94.72371680376071
56019,99.59946794057089
54023,86.13191236607838
54025,76.13150458352389
54027,50.97051282154247
54033,71.30906267805078
54037,62.35130107025713
54045,100.0
54051,72.36171281351496
54053,76.84807210176729
54059,83.27228064060702
54065,75.65403669558681
54069,100.0
54075,65.66025957398323
48341,77.91911182855864
54083,63.86294121452928
54087,55.19966233168941
54091,65.82346363642071
54093,74.44444804427383
54097,68.5604666322411
54099,64.61368530189216
54103,53.90523804492249
54105,73.75341641056959
54107,52.42919438953496
55011,86.40083945534404
55013,76.23659629401755
55019,53.13672750802604
55021,70.36186384425204
55023,63.71765391614125
53029,79.78761765628771
49039,95.10675669034717
49043,46.872412955313834
49045,76.72539118721126
49049,72.5980080665004
49057,85.07010114675698
50003,78.19794942356533
50007,63.72046002391772
50011,70.21419096500072
50015,63.05961214794767
50021,91.14010707897897
56023,75.31967473007913
51005,100.0
51011,74.0900877927807
51013,64.37389849634306
51015,52.294284110807595
51019,47.95290485616082
51025,51.23796085491765
51031,79.00689976517225
51033,82.63087534844901
51036,51.282139469518
51045,88.42557471114173
51049,67.75408422474841
51051,77.20189517978324
54081,99.18330942383136
51061,88.45258973798298
51067,70.97204028141252
51069,61.63211661877069
51073,42.72276898006042
51081,64.2127002113637
51085,71.83304641758458
51091,60.19230709273224
51095,73.03114549361543
51103,76.15277824438152
49037,71.62716027287883
51119,65.2499612876481
72027,77.52982007950092
72035,81.62910974354114
72041,58.64401383835731
72043,96.16398569619405
72053,73.52117801573607
72055,75.28274434417271
72059,85.62321634884836
72067,78.49824196895253
72073,89.29704950869868
50025,79.30686247802737
72005,65.81343938039343
53037,80.42255287809152
53039,57.844106890190076
53059,76.62839558664784
53075,74.5015501403331
54017,71.87824714091191
54029,73.07193732841604
54043,46.77226431753542
54055,66.76912638388558
54073,76.39267351711672
54085,77.39784587996101
54095,59.58487288611063
51057,93.9856176129705
72079,62.00737727678249
72081,89.54185800790106
72089,81.40791542807527
72095,65.30659035234295
72101,100.0
72103,57.0954475236528
72109,88.78731260415002
72117,90.00873477064468
72119,64.94069686385032
72125,95.88697950096493
72131,71.2493022810157
72137,79.33040443919785
72143,78.90482758156831
51115,72.98536887794178
22095,87.16212409739673
22111,86.9023308082832
21001,48.77202040142729
21005,94.56510364317229
21007,50.062620179464886
21019,90.48819306512486
21037,91.90057705241375
21049,58.63550354677203
21061,68.83778568068122
21069,58.41442997271096
21081,71.77618454566897
21093,70.37948573721388
21109,86.6949079840401
21125,94.65463119179414
21131,95.93525716184935
72075,66.56747960132547
40037,71.86167189383208
40047,49.74842711668575
37183,62.91194900255717
37187,89.47277449646187
38003,99.23374235322348
38013,56.48476692180117
38025,66.11303611270658
38041,74.60391364561609
38055,79.2024173822941
38069,62.855947201175304
38087,81.36091566696135
38095,67.89240979393625
39009,74.78321593682581
39021,83.19426372005549
54109,75.09633404716406
55015,68.45421164210147
55027,73.35585294111253
49027,73.67455561191997
49033,69.44983455176808
49041,71.11805905999347
49055,98.97970755757075
50013,83.41379171911858
51003,70.56779522956259
51009,85.45431606766104
51023,69.99270765365985
51035,92.59686956379961
51053,80.54463288297141
51065,73.39046783993656
72147,81.71575388715416
72151,51.43685771897251
72153,58.09848796635292
01003,57.091124904014166
01027,77.1441464214556
01041,100.0
01057,100.0
01073,84.57076652161136
01091,82.51266712416685
01103,47.984133987708915
01115,66.85989300398967
01129,63.183243721376414
21147,65.68728602623327
21165,72.47784272122816
21181,67.9186413345431
19041,45.310502844363185
19043,86.218653841763
19049,58.9088546139029
19057,78.58870296166724
19073,100.0
19081,61.20923112620365
19091,37.04568715880505
19099,70.70993667179833
19115,91.51439452497857
19131,100.0
19147,56.55675608321375
19157,82.45048834854782
19165,68.0203431482992
19179,73.41077468543797
19187,100.0
19197,52.4554450740727
39031,78.8060949224186
39045,82.0153975764815
35013,91.2867948740902
35017,76.46974730206342
35037,79.62075809256153
35059,69.12527148867314
36017,79.03690411867662
36031,69.85211586753884
36049,84.32357834784077
36065,69.45584495934548
36077,80.6565059085328
51079,74.56105779472533
12129,91.89075376158252
13011,74.22909414617271
13019,48.404512976896775
13027,93.92882251070988
13033,61.414015487060716
13039,65.1935049202677
13051,66.06508058934762
13061,95.61657139756225
02240,42.96488679031956
05149,100.0
06011,90.84085213599077
06027,78.3485837119374
06047,74.1765899907557
06063,79.28331112286486
06077,82.81683642569008
06091,84.67823378925085
06107,83.33406699005172
08011,76.34371021882873
08019,72.03992369539012
08027,72.73090074519733
20013,72.07637579470979
20023,92.00655145300597
27071,83.90335083421293
27079,30.894170480035797
27087,84.83851164794642
27101,77.92104292078162
27107,74.71936865331153
27125,69.17222320366672
27131,91.8616907997902
27143,89.21289693184286
27159,63.40683498264586
27169,81.10578430686803
28007,60.42514898188071
28023,54.305727528166045
28035,65.59924163115052
28043,87.93590208574138
36091,89.2968756806413
36101,82.6962813014594
36113,85.87643680271995
42011,82.74267430672438
42019,65.37777607165572
42025,81.47883817010911
42037,87.00614287841523
42053,86.31436994720362
42057,92.83370057211964
42075,85.62455770801596
42081,80.27172311312374
42099,91.05225357474642
42117,74.6021811112641
42131,61.77188023158423
72149,72.55399554084354
01005,63.82646032790326
01013,64.87232587538428
01019,72.83221993926723
06041,63.11370118500058
06053,70.38057705541439
06061,46.59577999569321
02090,78.19940561059408
08041,75.01808213043337
08049,62.74367053397714
12085,84.88868502648607
12093,89.06355206439838
12105,50.88660203446539
12121,63.55912832150678
12133,63.46286475319053
13007,60.901453483367035
13021,87.44212262897622
13035,72.09260791840795
13047,71.03227738034084
13065,44.9420645338987
13075,84.53127045313839
28057,56.41112407719791
28069,75.89898945399493
22119,79.16065406937288
22125,95.40987893757976
23017,55.36769401321332
24015,29.707317662687622
24027,77.75774317130542
25001,100.0
25003,93.58419529409156
25027,78.14489122911938
26025,67.62545721551929
26039,87.10683894955966
26049,60.39680700443297
44007,82.14536654034329
45021,82.5820523874994
45033,90.90314861248319
45045,100.0
47009,80.88623950768151
47019,67.36554561438751
47037,74.61638531712008
47051,48.46386142666323
47063,64.57930303366413
47075,68.86076342830344
47085,67.13867403098111
47099,77.28532308050583
47113,62.66370101426699
47127,91.81546000986707
06019,75.00310597377296
06023,74.8604951829206
06035,70.08157925230623
06037,77.32786025788468
13085,87.37647397001452
13099,61.9930467643365
13117,65.12825266387115
08051,70.44410956835003
08055,54.811936147901775
08065,62.71113210417753
08079,67.85668689683011
08089,88.11583771069091
08101,78.93841993502888
08117,77.90384867051317
09005,87.76346943251959
12007,72.93942317400905
12019,80.85697274893334
12027,73.45167370601256
12035,78.98043524099442
26059,66.25862013582626
26063,38.41774262585356
26113,72.98581256720544
26119,96.34122204149911
26129,88.89323103362388
26137,89.48096226886756
26149,93.54196082709326
27005,76.32986386442157
27013,77.95973561108394
27023,65.73522156848475
27033,70.25890715959426
27047,84.23656724656712
27061,93.05826655753225
29095,72.908305864785
47133,68.24716102722883
47145,75.00791938284895
47159,84.01810123393673
47165,53.34217775799687
45047,40.55728570294143
45051,66.74194725762625
45059,56.68931361128762
45069,67.37789703529033
45087,72.78329521773793
46015,68.2012738646548
46025,96.78701301706118
46037,79.90117146903481
46049,79.50711539416243
46057,84.33310716065102
46067,57.917503233288464
46077,90.58667681130403
51097,73.8635357019681
51109,85.05720925861819
01035,58.922141504397665
01039,51.693618509759034
01049,87.26834487037543
01053,80.64614289146274
01063,61.46922668463734
01069,61.95505378087958
01075,91.88152176622154
01077,57.15882160699008
12047,99.64009429883946
12067,61.490688980281966
12077,84.57587888412574
04001,70.07072286376523
04007,84.04781146623515
04019,66.83828996828711
05011,72.55810640891559
05023,75.61378763093582
05037,59.96718816327791
05039,86.11236518130188
05055,67.30179650292622
05065,71.57100126989972
05079,60.08475938087231
29099,36.56499511807034
29115,72.13458356099747
29121,100.0
29135,86.76906431847036
29145,74.71109430398408
29163,71.05663756187599
29173,75.3369883921807
29185,83.20678672762816
29201,57.28780777036733
29215,91.71482542003308
29223,85.73071973161866
30007,85.77278588561902
30021,81.57713608214591
30031,75.29424986540985
46091,85.09291853950229
46107,83.87721200612067
46119,69.68938933588464
46129,66.39597340654649
40057,76.5278444289298
40061,98.23530227242782
40069,56.41339386519149
40075,52.9871210137134
40093,77.47141261854775
40103,75.76331552784028
40115,77.60012496555612
40133,78.6592979686275
40141,71.65196618047793
41009,97.34795157903123
06067,50.98644032285227
06071,62.57254462829631
06111,73.45117859776428
08005,50.35216783268749
05109,72.36218393351893
05117,99.92205248592028
05135,75.31329732443943
13307,78.46051358578025
13311,56.097528522411295
13315,65.75457887940784
15005,69.37205429514094
16005,70.23427354865649
16027,94.22465692505654
16039,83.36536591087687
16063,58.32813064594452
16075,78.69757167648007
17001,82.47332622745178
17017,92.102235577819
30047,98.7081102985256
31123,59.77358712258197
31127,62.83713733184493
31143,56.136332116280755
31153,71.48970211339528
31167,81.99537561669501
31179,89.81001774883653
31185,73.86073464536216
32011,70.20228715117734
32027,77.2763698837311
33005,62.472856475549655
33017,100.0
34027,50.88508459322912
34037,77.77110868343587
41023,100.0
41047,75.10199766839996
41061,72.14941447497759
42009,69.6383186578436
48355,72.29412477356388
48363,95.59272712014796
48373,41.8220713300574
48389,98.00150551944488
48405,53.64064271324782
48413,71.00021506148377
48421,68.56133369552008
48439,83.8282990465608
48455,51.02813472174379
48471,81.93258999122914
13083,100.0
13089,54.55238993110784
13097,77.84559251415594
13105,65.07026733305086
13111,81.38830809289554
13121,75.28721666123629
08067,65.37769636433535
08071,82.3180842730661
05095,100.0
17025,72.13644312409052
17039,85.79636913222272
17045,55.60090563193255
17061,60.65345434772987
17069,82.08609416820566
18049,97.26174042803947
18053,80.3342002317849
18063,70.30412954215268
18075,74.98937108135031
18093,56.243883990454236
18099,84.0677298953305
18113,88.23499593485114
18119,68.2186450075038
18133,67.94936778360747
18145,78.98817344478073
18157,68.44920395939107
35011,74.00801078061266
30049,100.0
30053,71.29461448881005
30075,69.62489771968167
30085,65.28687291547261
31001,86.16287957249905
31005,72.28163740172846
31017,65.25940442517862
31027,94.81956048409518
31041,96.29404506770456
31059,65.99364651391943
31069,47.00190072959076
31077,90.11270534755383
31089,64.73055261359994
48481,86.85938398744153
48493,45.44844273432246
48503,88.38896007448965
49005,56.832421060788285
49017,85.96146178599787
47183,75.21409601754651
47187,60.690908709050326
48003,68.8944553060983
48019,85.29477685435052
48027,76.58841679672851
48041,83.76619470708727
48059,100.0
48075,51.53637582433423
48083,99.25818862452935
48089,76.5653390628482
02100,61.51823927515308
02170,55.04529561391515
06001,72.1631941383445
01105,88.82475167886689
01111,73.08676319433698
01113,97.66732395371021
01123,53.23236464922662
18165,74.81866578230918
19003,56.214098333803214
19013,80.45447823937452
19025,88.3033108514595
19035,68.6885730947842
17071,35.936792150592986
17075,77.98422220194742
17087,81.55107827600264
17095,81.06442132442547
17113,93.53673287733231
17123,58.93419480526427
17135,85.20324158175674
17151,92.88761268716962
17163,48.32118623990225
17187,79.79477738878465
17199,67.43730253488492
31107,73.77715990347531
28077,80.21514725307505
28081,67.69157153829671
28085,64.86437881257582
28087,75.51228626232037
28107,58.69131091705796
28123,58.712623066722216
28133,85.19059924434755
28145,57.76808947262016
28159,84.99468751363818
29003,81.93886939280927
29015,49.11289906814105
29027,64.83653021496518
29039,92.91164104571058
29049,60.28251703290478
29059,68.03393606535919
29071,81.93091339877844
48107,86.75085763923893
48119,71.22691670933257
48131,66.03734707962538
48143,96.33554792547761
48153,100.0
48163,89.68287076172693
48171,76.27977213847537
48173,62.8760141753861
48175,62.54333390165152
48183,82.83771157898636
48187,81.27597331333025
48205,96.02397889419645
48209,84.75675138804209
48219,52.453795473602725
48231,90.77921426584378
48241,60.02909059028381
48255,69.24043092071473
48269,78.75300309377542
48279,100.0
48289,100.0
08033,84.10084588704274
08039,72.25205071919419
08045,83.01758472720826
06079,88.31483138810754
06093,70.18998561664212
06097,100.0
06105,78.45106138787104
06017,82.46614633637091
18005,84.98886378081691
18017,81.32379915921683
18027,87.58410750704418
18041,65.74120220179614
18043,66.62547369080954
13127,58.497686505424575
13133,81.59251845930339
13143,86.6840475526817
13153,81.86659299227829
13163,100.0
13183,74.9160597175643
13193,85.03112483388769
13207,58.624486857910284
13219,69.19350446288398
13227,85.43306636348666
13237,87.73653166114715
13249,70.59049578503726
29083,73.92601122212899
29093,52.231893799787855
37003,69.64456198790086
37007,88.35574745279679
37009,83.6280752415985
37033,82.50998582071814
37045,75.7466053077144
37063,75.10594737942264
37073,65.09518290789829
37085,85.48242630303803
37097,81.31459416584084
37109,82.380282719892
37123,67.1094773599863
37133,42.69985620193133
37145,91.45729067630543
48299,67.81743815987394
48313,62.05836353935319
48325,85.4021836787099
48335,69.11981040121306
48343,90.89904576069932
51127,84.25508924365046
51133,85.25353984800716
51167,54.51066433199198
51179,93.17915978079601
51515,78.91875796850785
51590,69.46084291130695
51620,77.15082701013377
51680,48.3564715065252
51720,81.12979217221006
51740,59.559427377268925
51830,54.709945712346986
12086,52.16461220673163
12103,91.69032562484888
12123,65.56104909460817
13259,98.00591564874749
13271,66.96297805421553
13283,49.3896306361058
13297,58.25213340077011
20025,93.53717430010408
20031,72.66152733095
20033,66.77569055264098
20045,77.40027338779181
20055,82.52674104251318
20069,91.76098223853691
20081,96.72748844839388
20093,69.60347031316371
20101,55.10928470876942
20111,68.79802258315085
20123,78.9042075987433
20133,60.54361610684084
20139,60.642736276574354
20151,80.15681822324828
20159,74.27021472644323
20169,75.4919549311738
37157,63.622569979498955
37173,71.54398928691349
37179,61.136502835975435
39059,88.3529761668718
39069,90.52874002085629
39083,47.307182066428595
39091,61.05733709711385
39103,52.552061173648816
39115,65.24964098389653
39127,73.74843045314459
39137,53.255321704522046
39153,61.1721028031203
39165,59.94063941877753
40005,78.10900994098417
40015,76.04016505554375
40027,64.1739366999412
53011,77.65231308209097
53035,66.79979873119102
55053,70.9251733451092
55067,100.0
55078,95.10691577685522
55087,55.506281446086035
55099,87.44598626818762
55109,87.17094831737388
55121,57.776050668710724
55135,87.2816646563229
56005,98.06897877618829
56015,58.16182790633379
56041,61.237457684786044
01127,90.26492200265254
01133,79.07242966238472
02016,83.27214412859284
02060,80.10883824600745
72017,80.86043881392216
72021,55.102918075333754
72029,90.70976559932173
72039,92.54384988641661
72051,71.55913883897958
72063,74.34784575279207
72077,52.03338746166416
72085,82.71382134026753
72099,83.58086162571216
72111,74.06713474501034
72123,91.86530039805754
72139,69.98884153530089
20179,83.469088888404
20191,59.705034919618264
20209,74.64671773688643
21185,72.38468613145746
21197,78.37961883061412
21203,69.45709606749962
21215,73.02791106492498
21227,87.3907075716226
21235,68.44853644142674
22007,50.90134348891981
22021,100.0
22025,95.72181118035729
22047,55.61605957341572
22059,85.34561707867792
22067,67.45537844172985
22083,78.9523082299659
48101,79.4133619352024
48105,71.48388299525517
48109,63.24351501620405
48111,64.64188421525611
48113,61.257121267781365
48121,62.522666876543326
48125,73.99232564925967
48133,64.26360016333872
48139,85.2307809856893
48145,97.30869233003891
48147,66.29920137944936
48151,78.59106750803066
48157,82.49527665454401
48181,82.08003406378911
48189,76.13932901874131
48193,86.14023627539584
48345,82.23373429020985
48347,56.43506366509053
48351,88.03734096583909
51135,88.30936255900113
51137,63.550708437321276
51139,75.56906753171403
51143,85.24993489216604
51153,71.86029270630958
51163,91.09467071649017
51169,100.0
51171,63.210209510475266
51181,54.284330952693374
51183,79.55727893407314
53033,85.82343757689215
55035,71.53700439232847
55037,96.79890994981552
55041,54.92091300415127
55043,85.39377934547417
55047,65.9120876886166
55049,100.0
55055,100.0
55057,63.500151183249784
55059,66.7566429613713
56027,87.89381830469704
56029,69.19304025315728
56035,74.31883173101643
56037,75.38082630813615
56043,46.204902657035156
72001,74.79243380858644
72007,64.6540833890374
72011,67.60315766400342
53043,96.65448005203221
53051,56.152396585811154
53053,87.19807780121965
48197,70.81555604502287
48199,70.80359747256249
48201,86.85557844077567
48203,80.10076941853336
48211,83.55919495829296
48213,89.52276990799292
48215,70.03037425225016
48223,65.81644898238375
48235,58.72274210163303
48237,62.61884205031567
48239,100.0
48243,93.6701937110518
48249,54.73388450687968
48253,55.16313064884645
48259,82.22799092577738
51185,83.2089719606695
51191,83.23325752976046
51195,71.17566309669454
51520,73.1181860999565
51550,79.91819286239036
51580,76.28839509439996
51610,41.71049440878697
51640,71.55300554137209
51678,62.2289034860953
51683,77.62817128362768
51685,100.0
51710,80.51222498211456
51730,70.29705470741403
51750,88.82702252965878
51790,82.24031830813819
55065,81.30141735677762
55075,84.10275889823507
55077,100.0
55083,58.03667347011126
55085,82.10448115217181
55091,61.104283050276926
55093,83.33268969513372
55097,61.21970232770858
53063,68.73949779592374
53067,70.5736512864314
53069,89.63725079017064
53077,88.7768166591362
54003,56.31423935330423
54005,75.82401166499773
54009,64.3563021787624
54011,56.12242633986998
54015,71.74474424363444
54019,70.37275817316271
12037,100.0
12057,81.49439738041045
12065,54.33573748868644
08093,66.52838993743586
08099,90.32074943144097
08107,100.0
08113,51.210250316430624
08115,46.80113422291433
05125,100.0
05131,80.84421266056356
05139,61.9756090218545
02290,83.01943629183653
18171,35.463783914746834
18177,75.05063259895742
19005,79.91731759264628
17059,88.86405209306744
17067,59.791560715611936
18061,76.28530742105039
18073,61.11863060910619
18081,78.83075633511476
18083,61.56980516455464
18089,68.8784874125967
18107,60.062769078146566
20121,84.76704362735485
20129,87.87676674984998
20137,71.48069145063879
20147,75.57356992440043
20153,53.27112878049684
20161,70.50485027989819
20175,74.24693074437383
22065,100.0
09001,58.320494613387545
05021,96.96265858128656
21119,89.95288160198712
21127,79.20954606735205
21133,100.0
21141,80.58158208910294
21149,80.83738793501892
21155,74.20319020473681
04015,93.35353323627942
21163,91.44703850716326
21177,65.6148406875568
19051,55.21129208101849
19065,71.95529043906514
19071,62.99942153403531
19083,74.04713138076967
19085,93.56157202026209
19097,68.14047517369815
19109,74.35764928032637
18111,75.87034102212593
19119,87.72646323307927
19133,41.29665999023092
19143,65.89949557852056
19167,78.16925538419208
19173,93.00118434640292
19185,67.62146328740693
19191,46.85170940937189
20001,84.29567168949204
20007,65.46956416761556
20011,57.15500011364458
22071,65.63481915430164
27075,72.23211963516226
21161,65.92883003192681
27123,41.91650914351396
27135,88.45599295330699
27151,94.12312561918084
27155,84.77282987009258
27165,57.93471494362775
27167,71.97762699078723
27173,74.90218027155812
28001,83.98191584342865
28019,85.0251073307712
28025,63.987393018322564
28027,76.22993334620341
19117,81.85920606922862
37053,96.83733483220149
37079,85.56759809737085
37089,86.83585031063278
42035,76.25739941894041
42041,96.15688717805256
20021,81.14644193939246
28055,62.08368134739644
28063,96.05054955187786
28071,85.46854908808541
23001,68.35433968307277
23003,67.80760548901135
22087,79.44863317711142
38015,81.94777192901377
38021,77.9593839844681
38023,79.66963010164328
38033,100.0
38049,91.07314728352328
28047,77.85953386897536
28105,89.11965871151226
28111,59.512141447086904
28113,80.96890574920214
28125,100.0
28131,71.72931156911439
35047,62.285491070713725
35051,65.21866667110409
35055,58.655504439864174
36001,63.228571378084446
36005,69.44237852114956
42043,53.91649471232037
42059,75.23427500924404
42065,88.53415760679971
42071,61.38365729779619
42077,97.78925885462654
42083,82.66188132791392
41035,90.45870878436087
23005,65.13248169221795
45029,87.81787840599924
45041,58.6209914940703
45043,88.35371251254763
47023,77.57759009690297
38051,83.29876829977177
38057,57.36608091562722
40067,61.57395236585093
40077,83.95842327380078
40079,60.77477993663699
40089,81.94809438148684
40095,54.49293290309632
40105,87.72261319000002
40113,56.51215027847236
36015,83.28449906519285
36023,84.38446400469002
36025,64.54842272355637
36029,83.7303985062709
40139,78.90663395000334
40151,66.91737215710893
41001,59.871679738856876
41007,45.56061462491132
41041,80.2447507094954
31139,51.527958429569175
31145,76.43016299161962
19029,71.04827675876626
19037,85.18714163157293
17083,70.46931750765204
17085,70.05828320479363
17097,85.97806056432444
17115,80.02587043626177
17119,79.74233935774167
47039,82.03901384712789
47043,51.966418151893414
47053,86.35183019980472
47055,84.18703191020404
23013,59.74975307135254
23019,71.33879289488698
23025,74.41039068558553
40121,72.98254823397401
40129,80.00789949852802
24045,96.47050172746775
25025,91.22650091509243
26001,55.3167120985289
41015,84.33104985459073
41025,94.93399979303115
26089,80.80212781033804
26105,91.3647063777895
28147,100.0
42107,90.35564319160473
42127,78.73962893462593
42129,90.6763271112713
49015,77.17331749645336
49021,75.35854564927433
49025,69.72878646429402
47029,98.45120038248163
23027,62.72357001086998
31157,97.98551587017174
31165,82.49796185610558
31175,54.01040737797088
31177,80.51473939487133
32001,43.49960238522564
32003,84.38262025246554
26011,88.27847224483486
30067,66.11466066521919
30073,76.85321543933374
30079,100.0
30081,67.41379943607095
30089,59.11638619415099
30095,97.22495103693898
26109,100.0
28149,75.0554350777177
28161,90.17194553112535
29005,95.12213873296322
29011,63.86273651192424
29019,67.72041246948197
29025,93.46311769732102
39085,100.0
39095,83.44321290261531
44009,61.802784697469185
45011,100.0
45013,67.03543653282053
32015,69.97293328242823
32019,80.13506751734432
32029,98.31240631072161
39111,87.80963964828335
39113,81.22298250542866
39123,81.9493279517716
39145,75.65272002965199
39155,83.37209271777759
30103,37.05659883458546
30105,70.55088811395302
38077,78.61982902375172
38085,57.73478874570739
38099,80.7948497671734
38105,71.93293168520817
29031,100.0
29037,98.59529587822286
36047,68.01291646322755
36053,72.73743432649957
36061,73.89078651587411
36067,68.22510785760566
41045,77.9253747604219
41055,63.625768966686145
41057,58.0407699759371
41063,84.34066835850403
41067,84.44294376332716
29101,62.93526360510011
29107,88.430331461439
29113,65.52633406252004
29123,78.79747857056972
29127,87.30516018918684
39163,74.49581152944431
47073,81.82111368211702
47079,67.25355534168642
47089,72.05300124857854
47091,71.91210853679489
47097,63.80132480189641
47103,72.34838755326327
47115,51.7707255170438
47121,67.63269379286842
47123,70.72686759945493
47131,71.15730371256929
39007,71.37753831193831
48371,74.07353700209806
48377,82.19162277129095
48391,88.11775611198784
48401,65.25352159727599
48407,56.951987169162834
48409,59.36933381635345
36079,67.6919561820761
48443,69.72118023275236
48461,63.45005900703814
48465,55.558250036251586
48473,68.15818758788718
48479,77.72139930170957
48487,83.92544198753347
48495,66.63865420337518
48501,68.8050326678485
48505,61.09952536729034
49003,74.52841244437835
48005,62.27357048713778
48007,83.596917198618
48037,48.21200262098833
48043,69.60555491321307
29183,79.51661008787613
29189,77.75751774483757
29199,100.0
24005,80.24700036851861
24025,59.93918104736985
26013,73.56803629366391
26029,48.35630499800322
30111,73.79100376054859
31015,62.50415914498862
31021,88.73085413340243
26121,66.75689588106698
26127,73.24851126307131
26139,65.46663237893395
26141,100.0
26151,70.18135850823133
26153,100.0
45019,87.212276431774
46071,82.23100091003079
46081,80.5309972097628
46083,80.90695947324377
46089,46.08491130981585
46099,70.81674908773866
46105,87.67736956776483
46109,74.26654224788842
33001,53.922152297946376
33007,74.21393324133795
33011,100.0
33013,93.70337573302079
34001,74.06993985950952
34005,89.2717391558713
34011,69.50239469447922
31031,49.441926197599216
31043,61.133010178056686
31049,98.44333152762297
31055,70.89010377256044
31061,71.34924030937474
31067,70.5024270558768
39035,100.0
39051,99.38938373043095
39053,100.0
29063,72.61432184399924
29069,79.43436733120643
29081,52.250361758688136
29089,97.15401639177412
29091,57.48330673098098
37015,78.25163345643944
37023,58.540462085507336
37029,66.16699759891956
37031,62.441063534254496
29133,65.88187108986273
29143,66.91315945276533
29149,66.77596807612385
29155,87.50000867670461
29165,58.4270581040622
37101,78.308121405208
37107,93.26938728458337
37113,67.30205453229905
37119,64.23121663878597
37125,71.54213062229624
40001,92.69587812541066
40007,77.91161446430037
40021,67.03178558088602
40023,82.2581497678206
40033,58.46561775245365
40041,85.22039265664422
40051,81.12910961552652
37189,70.38287293291674
48051,62.421213023291536
35023,61.69978616574814
35029,83.02226004518866
35031,93.43470753733592
35035,65.44038379456808
47153,81.87580055327227
47157,43.69459472096897
47163,66.23073404014201
47171,74.53411600693647
47181,61.354748745272495
45057,60.95240437815606
36085,64.9833066529667
36097,79.38289092489559
36105,72.19006472390438
36111,41.42653150012542
36115,43.18949771047401
36119,65.89702233214237
45091,81.86529879080328
46009,33.78742735912148
46013,67.50404735772554
46021,67.10628215223868
29209,95.82506667312671
29217,69.22467282430705
29227,80.74483477111393
30001,77.11885710131195
37171,43.04150280289199
37177,86.52310824947605
39067,78.23094758184432
39073,82.62402959511884
39079,100.0
48057,43.73830590752117
48071,100.0
48093,70.68828720899467
48097,79.30993356604515
24510,74.31731632048137
45063,68.63645499902935
45067,66.45250607641862
45077,79.94263103359513
26053,52.24239454992481
46027,86.25868751282648
46031,68.7570839267212
46047,58.048959914394636
46053,68.24980713006279
27007,93.85723825293859
27015,66.96997369475665
27021,80.3768042731443
27027,64.0356558642679
46123,86.36882774885429
46135,85.28261608185306
30011,100.0
30017,72.36654081751176
30025,85.0298220713686
30027,76.47101309308417
30033,94.43807672794522
30039,64.21751418586905
30045,86.17507969315922
31131,72.07954055824978
25005,74.03717734337253
25009,76.3762872667256
25019,78.78360594640016
34023,73.25656435317063
26055,78.22069774755789
31091,98.67177086343277
31095,89.78174528422828
31103,88.03731888745345
31111,68.16690710964194
28089,61.66138757657513
28093,89.3295083735663
27031,88.14070188794692
27049,97.09006013626473
27055,65.94029061046156
37049,71.5567701695948
37051,50.407737562118484
37131,69.1129334090869
37137,89.94855765869171
37149,68.00256931157703
37155,84.60719692801236
42091,72.14245341003283
42097,79.86085542332341
42103,57.78462915276499
34025,76.27814174450852
34039,30.13296043648915
35003,72.19655762757023
35005,50.5429013442729
35009,93.08991774820224
30061,86.66111029146766
38001,82.00006472949121
09011,97.81509340739069
10001,60.766252187627444
10003,100.0
12009,88.98287346390578
12075,71.4516706917158
05031,92.03430220774416
05035,58.40559731382549
05041,62.632287577084895
05057,65.8711541514045
05063,67.06533437903977
05069,59.15163535859621
05075,93.34624600642988
05077,71.11718399445253
04025,80.2875745253532
05005,66.44472950379479
05007,47.69095049177224
16073,79.05086037587134
16085,46.31617536870335
16087,73.97048930871797
17013,54.47527441750784
17021,100.0
17027,88.67044083262083
16031,76.5863068690722
16035,93.95560016482003
16037,62.305260338013966
16049,83.15219068005139
16059,77.99715650578071
18023,78.96030122000505
02282,94.08530250160152
12021,85.98738154169703
12033,79.33085494237535
15003,50.176688456575555
16007,60.59930557080804
16011,73.15936599606414
16013,76.40058561414976
05105,58.046944129891145
05107,100.0
05119,97.7459108288036
17031,84.03177480588725
18123,76.08055291925618
18129,71.81686545148271
18143,60.72122309966647
18147,76.16220777778294
18155,78.86628810214125
18163,56.37359136777563
18029,80.01264625867346
18037,72.67111426762877
18039,46.382886631839135
13135,62.09422483830747
13145,68.79591699867534
13151,100.0
13161,83.34829686800637
13167,54.967776463501636
13177,82.29054434126455
13179,51.790440165924515
20107,91.2403658083061
20117,67.93313022273182
17149,73.59545716891243
17157,94.88694971313286
17161,55.69254647123625
17171,54.04322722330513
17173,66.24601010480993
17181,90.57568276528976
17185,52.20980886784736
17193,32.51766602834145
17201,68.23261712386501
13287,83.27611199866381
13291,93.00392624608244
13299,68.05257956871901
21105,68.82860089325996
48273,92.30851101383621
48311,46.95387450456869
48315,69.17218837225487
48321,77.85635834887587
48337,81.73828081927552
54047,67.35289960213676
54057,75.51661517558762
54063,37.67508969880516
54071,65.12627381499227
54077,81.80263068831701
51059,60.265589486179806
51071,75.88476332384396
51077,81.70308751204047
51083,69.86176198713352
51089,77.55695656494856
51093,60.55901152073081
51099,71.9008308045593
51105,84.15324254383833
21033,77.35459441452652
13305,66.20203095654097
51117,78.36324606436189
72023,85.71914685954927
72033,44.25088082133783
72037,92.38611097433846
72047,69.95617891978392
72049,81.38234899860345
72057,92.95870385467842
72065,54.42489454154301
53007,64.3583849635868
72087,70.67176956186442
72091,63.24369718313358
72097,100.0
72107,62.148418592598105
72113,66.66679830769701
72121,78.06583547404465
72127,56.96775710885867
72133,69.06478932365604
72141,79.76179891875262
48117,70.00709393426233
48261,73.59919711650078
48135,67.06001831327444
48141,52.282945362288494
48155,79.82389817008858
48161,100.0
48165,75.27602446175158
51107,78.37896175871325
51131,85.39084132675289
51147,55.96004255179951
51149,100.0
51159,78.03493194634203
51161,99.47785348633663
51165,64.00450506714016
51175,100.0
51177,86.62733241052175
72071,83.29560128778537
55061,78.51036681529722
56039,71.27207072888326
72003,93.00797487710808
72009,77.1053980477207
72015,45.49395444619271
53047,58.24220307439496
48129,72.2123137171088
48167,79.64998474748332
48221,74.15117266650157
48225,93.28456184690495
48229,45.733472039420626
48245,77.1538190475774
48257,47.730311619192676
51193,86.39568443226253
51199,73.58311928336995
53031,81.29414958036178
55031,62.04175559115351
55051,94.19197397486627
53049,90.62586996088277
51570,83.75316454517831
51630,73.05724129704839
51650,83.69785927942698
51700,64.39661148018976
51735,87.83333488531068
51770,99.74221341485881
55071,91.05915839968779
55079,64.05596295288886
55089,80.42125975909654
53055,55.60287684362029
53061,83.58585466763513
53071,81.75905119293809
53073,46.952754907017535
22039,57.57324234131454
27139,70.75291654884349
31113,70.48710379288761
37043,56.85784596871792
39057,80.83468094028277
36009,78.77210413410768
47169,72.08596302032221
46073,63.66312749762456
48365,90.73060689624845
48207,99.83110669632443
51690,67.74657774230194
55131,65.81749624267769
54067,82.36811498117994
51087,69.6295593037952
01043,72.90904199005149
01109,86.09479727587006
09009,46.359658687390606
05049,94.77453487279004
05127,76.09020786494013
21117,68.82760283156729
19123,73.66148768667827
47015,74.43644032530779
38011,49.03198044832612
38083,97.42407341179855
48375,75.61988448405928
31065,81.64503195671062
28135,89.27324655861065
41019,59.68256313659549
29013,82.10207848552842
55001,70.9853836365181
53057,87.7015616282474
06085,43.09158869472757
13017,73.51358549638097
18047,65.95769016324057
22123,81.48394425951233
26067,82.05066281052304
37185,64.38561157766961
45015,64.31739203735934
13045,73.34001947164006
37093,61.55036659027188
20149,87.6297554317819
28033,69.4618919932883
42001,31.395176710175377
37161,69.37766915067292
21051,59.421842687340416
13245,50.53086276808582
13251,56.43860042666141
13261,76.64112707749455
13263,94.92961242372347
13273,79.6977671079747
20193,65.9024491767639
20199,81.83856292756055
20201,68.11364534671512
21195,64.58099446255284
21211,57.684559976505234
21213,48.722567898724215
21223,69.15114440160832
21225,77.37080234880197
20037,73.55064494977665
20043,68.76049608078962
20061,60.813809089548286
20067,84.12369287527453
20071,55.24302120080122
20083,86.64041870765213
20089,59.96674471609913
22019,63.71347143970447
22027,52.998222140764845
22029,67.47896779671545
22037,89.62968687716969
53009,82.73442132665934
53027,89.67633168042053
55105,82.83213818900904
55117,58.444952572044464
55127,70.03816163508664
55009,63.29701306323806
49047,94.95862356058561
49053,57.048170303605325
50001,88.40546534083666
50009,88.39430805163154
50017,100.0
50023,68.85470111055754
22003,85.68483239370244
22009,100.0
22101,65.73537484599456
22107,51.974396287014606
22109,46.79984949138355
21021,85.69068043291998
21023,46.75274687912124
22045,69.41521420593116
21047,81.5596978055844
21055,77.7776330524487
21059,81.38167296276258
21073,78.33434783701281
21075,94.1829871997009
21089,60.71525428891805
21095,64.84507292312203
55137,63.41010832093764
56001,87.45287717793916
56007,88.50597882592595
56011,81.76837978977763
56013,92.75240500334891
56021,57.32938698935429
54031,100.0
54035,97.84857932568387
54041,86.0343299586862
50027,100.0
51001,50.150651884833394
51021,67.13327795606023
51027,63.97044808977071
51037,85.82218985636015
51041,59.24788890596781
